UUID_produto,product_name,quantity,price,status,horário_entrega
8ade3d95-3f61-4c88-b995-6e69cca672c2,product_1,34,936.38,Não entregue,00:00
690a68b3-635e-4c5e-9106-9f98da8d772d,product_2,75,888.68,Não entregue,00:00
e9b1ac45-ce6e-4a56-a6c4-c106b24519d2,product_3,75,699.98,Não entregue,00:00
6c8978f2-cb89-457a-848f-efad046ab951,product_4,71,380.15,Não entregue,00:00
0d78093c-8cd7-447f-b1e3-1be7815db6d3,product_5,28,336.37,Não entregue,00:00
d6af2efd-da62-48a1-861c-db25824cd6dc,product_6,100,506.51,Não entregue,00:00
948feef9-8df1-4ec5-a077-c4693742b678,product_7,16,967.54,Não entregue,00:00
22ab2352-0516-4ca2-ad19-6e127834b023,product_8,46,733.65,Não entregue,00:00
4868857e-7f33-47b2-a440-e81e6bcc520c,product_9,67,57.44,Não entregue,00:00
0a046fd3-d0b5-447e-9539-211ecef143e7,product_10,70,135.51,Não entregue,00:00
6142bd12-7063-432b-9545-680f396d3c48,product_11,51,367.22,Não entregue,00:00
aa130a44-579c-452e-81ca-bfc55052d89d,product_12,18,744.99,Não entregue,00:00
a5de35ca-3506-4937-b6ba-5d9fb0dbe3b2,product_13,96,45.73,Não entregue,00:00
7fd48a14-b02a-4efe-9166-6863d2bac29c,product_14,69,566.33,Não entregue,00:00
218b447c-2558-432e-928c-fa7ce06db010,product_15,31,816.02,Não entregue,00:00
e2ad9851-b733-4485-b096-750b50999a2b,product_16,75,948.85,Não entregue,00:00
0d9a4237-dd87-41dd-b084-c759a69c801a,product_17,86,398.4,Não entregue,00:00
34a51f2e-35af-488d-bbcb-af3e30732aea,product_18,55,452.06,Não entregue,00:00
0efeac8a-f235-4a5d-944a-1c30f2be4342,product_19,88,420.01,Não entregue,00:00
7853de09-976e-491c-9a69-eff242c53760,product_20,57,401.16,Não entregue,00:00
b8ff0ac6-27d3-4cb1-9cf4-8bf596b75aa1,product_21,7,707.87,Não entregue,00:00
10282fd0-d89a-442d-9fa1-59791e6ae3b0,product_22,54,992.5,Não entregue,00:00
c89bf4c5-d816-46aa-bdf7-d2dcd8f9513d,product_23,79,455.58,Não entregue,00:00
31157929-0425-43dd-b90b-3dff10c9facf,product_24,6,887.24,Não entregue,00:00
94744528-e871-4898-a9f5-049be3448a5d,product_25,91,387.56,Não entregue,00:00
04fee419-12cc-459f-b00d-a76013ac6cbc,product_26,41,148.72,Não entregue,00:00
1eca311e-f9f7-40e7-8022-4e9b844d8df8,product_27,64,284.48,Não entregue,00:00
b60aa0b3-6ca4-4c83-a9db-e6c5a836fdd4,product_28,9,258.74,Não entregue,00:00
2ef058dc-0f9d-43b2-96be-8230719f7ae1,product_29,59,584.22,Não entregue,00:00
4d8fe0fc-097a-4002-9aa7-11b46a0f1259,product_30,39,206.94,Não entregue,00:00
af084aef-6a86-4937-80d2-3754d8b275ab,product_31,40,290.14,Não entregue,00:00
81b1b4cd-e56d-4eb5-b457-6c344327fcbe,product_32,88,704.0,Não entregue,00:00
68398cbf-46f9-4214-bd5b-df28f305a768,product_33,97,964.12,Não entregue,00:00
f1e7c498-d0a1-4886-88c2-5dc625bec3f4,product_34,43,602.87,Não entregue,00:00
cab154ea-1c4e-46ad-8aae-79bbe80742fa,product_35,19,250.38,Não entregue,00:00
ceaf2504-3eb6-4367-a328-6ca5e0c0396e,product_36,33,219.47,Não entregue,00:00
2919ea5e-9f0a-4b0d-a6ad-3e1658b72502,product_37,41,397.69,Não entregue,00:00
6689e35d-d769-49b7-9162-dbc7124276d9,product_38,52,236.31,Não entregue,00:00
ff66f969-06ad-4220-b593-ae15a8c8bb0a,product_39,70,420.8,Não entregue,00:00
17e48c34-67cd-43b4-b978-3c7f4a69a554,product_40,64,764.91,Não entregue,00:00
05654bcd-a6cd-4ffe-b424-784fed3cb941,product_41,84,933.23,Não entregue,00:00
3a32b67e-8fda-4be6-a77e-b02114bee298,product_42,97,109.13,Não entregue,00:00
49bd2f36-52fb-4b0e-a81b-7a2e5845dcc6,product_43,95,637.59,Não entregue,00:00
b99ad80c-bc17-46a3-a1c4-c50ad03edd81,product_44,15,757.53,Não entregue,00:00
920cb1a6-9678-45f2-a3bc-a46d0bbc81ea,product_45,27,419.67,Não entregue,00:00
596b83cc-828d-4ef6-8aff-acb1ba50ebec,product_46,79,941.38,Não entregue,00:00
4380f416-ad74-4bb0-9f54-0473cd040682,product_47,28,515.25,Não entregue,00:00
faa8e75a-09df-4fa0-90c2-0903e7d324d3,product_48,94,11.71,Não entregue,00:00
ee297e16-c476-4229-934e-3c4801dc5bf1,product_49,62,444.35,Não entregue,00:00
9039daaf-ab4c-445a-a171-48e8bcb5dfc1,product_50,31,415.14,Não entregue,00:00
cd73b77f-52bf-4e9e-865e-db4467856366,product_51,62,264.89,Não entregue,00:00
435f365e-f206-4e0d-a35a-442516b295b0,product_52,100,995.12,Não entregue,00:00
b598fdc1-a27d-40c0-ad93-9b92e37c4dd8,product_53,76,537.4,Não entregue,00:00
7deaedee-f584-4c9d-a82c-68cc1af95341,product_54,59,881.23,Não entregue,00:00
28e3a958-c3f7-4e84-8734-e8a1c044c678,product_55,93,817.4,Não entregue,00:00
10de1155-268c-4712-b687-6d2e2efe3415,product_56,94,941.64,Não entregue,00:00
43b94f01-92a7-496b-81d2-0c0d19d41d16,product_57,33,978.12,Não entregue,00:00
337ca61d-a16f-4717-b585-b612a13348ee,product_58,18,888.9,Não entregue,00:00
ed70bb24-2635-49a2-b785-097a88abbf51,product_59,20,758.7,Não entregue,00:00
35f385fa-65fe-4eca-9fd5-b3c1dd6b0538,product_60,81,730.06,Não entregue,00:00
d19e82b2-72e5-446f-85ab-2f96bcb28a8a,product_61,31,911.87,Não entregue,00:00
3cb24883-d68b-447e-a611-6cbec8179f80,product_62,49,229.47,Não entregue,00:00
463418fc-e6fe-4370-9695-5ab7ddf0934b,product_63,93,82.43,Não entregue,00:00
d57145d2-6071-46db-afad-58e7b71aea21,product_64,86,903.63,Não entregue,00:00
1feb79a3-e316-4229-a758-02c5e79953ae,product_65,2,373.33,Não entregue,00:00
703f64f6-b57b-4003-84d9-f2b7cfc1ffd6,product_66,13,830.8,Não entregue,00:00
b8814897-2bba-4eeb-9b1d-c98aea468153,product_67,63,435.27,Não entregue,00:00
705227e3-47c3-41ec-9626-afe1b691026b,product_68,50,183.8,Não entregue,00:00
045cd085-e299-4408-b8e7-a3309dc9c100,product_69,11,905.92,Não entregue,00:00
008dc28e-28ef-4de0-967b-1ac208b2de17,product_70,76,83.16,Não entregue,00:00
613e33fd-3df2-4214-b867-9a9deb55b95b,product_71,12,569.31,Não entregue,00:00
51388935-c44d-4a56-8225-208734ab9001,product_72,53,112.94,Não entregue,00:00
6100d870-628b-4552-8361-542737f6d3aa,product_73,35,469.47,Não entregue,00:00
396377d5-f633-4148-a8f7-26b8aead63e8,product_74,97,67.2,Não entregue,00:00
3737b618-59f2-4b23-a1e5-b0ffa5808ec3,product_75,5,459.11,Não entregue,00:00
d1a848e8-b93b-4310-a8f0-28c5bab1d6e4,product_76,31,274.27,Não entregue,00:00
260709b4-75d8-4372-87e2-5745ef59f45f,product_77,96,550.59,Não entregue,00:00
90645cc0-4a82-4e36-96a6-6c7a5ffc25dd,product_78,87,106.37,Não entregue,00:00
8e4ff672-4c3e-4c95-ab6a-282bd2f30405,product_79,65,196.46,Não entregue,00:00
ab402917-d4c0-4946-9fe4-516c12f5f72b,product_80,78,792.52,Não entregue,00:00
2f76b91b-d615-4147-ae47-caab6bbff904,product_81,20,940.93,Não entregue,00:00
344253c6-5717-4222-a36e-a16c7a8f0bfe,product_82,44,87.03,Não entregue,00:00
0c2ee971-d664-4758-8423-d9ad6b667248,product_83,93,475.03,Não entregue,00:00
657ef3dc-277b-421e-8b17-91d074e94b27,product_84,12,477.4,Não entregue,00:00
ef2347cb-b963-480f-8585-7246d247c121,product_85,85,931.44,Não entregue,00:00
bb843eea-63c7-49d8-9181-ccb26f65a5c9,product_86,66,849.79,Não entregue,00:00
db987cc6-8396-457d-9196-49e742252217,product_87,60,956.05,Não entregue,00:00
389cfef9-be74-4344-b028-69b7c13e8e3e,product_88,97,848.11,Não entregue,00:00
1cacb139-097e-4916-af9a-3c69fd49ffc6,product_89,30,888.37,Não entregue,00:00
b57fed2e-26e1-4d4c-918b-7c837d29e464,product_90,29,186.55,Não entregue,00:00
dffe1222-853d-4437-adbc-17eabd073667,product_91,8,68.39,Não entregue,00:00
03b276d3-a20b-443f-9e31-993d8f014db9,product_92,33,361.15,Não entregue,00:00
8e48e7c0-6c8e-4b62-a81a-de2025fa6ffc,product_93,21,879.51,Não entregue,00:00
bc6766f7-4ec9-494a-b3ef-b8fec00ff94b,product_94,21,295.08,Não entregue,00:00
d3d3cb00-754a-4e67-94c9-f56c26510a9e,product_95,29,34.74,Não entregue,00:00
13e0ef21-8775-4101-b106-f29f4b4f276c,product_96,33,666.51,Não entregue,00:00
f254b5a6-eb25-42e3-b690-898521e6e4d0,product_97,100,985.14,Não entregue,00:00
2c6f1a9e-c5b3-4f70-a16c-fd5035c7e17c,product_98,55,666.61,Não entregue,00:00
18effe38-e208-40d6-857e-d669d75e442a,product_99,82,426.13,Não entregue,00:00
e75a6aba-471b-4083-91ea-c79cead68ecd,product_100,76,261.07,Não entregue,00:00
53e73d72-b13f-4996-948a-e6a295ab5eb8,product_101,86,966.47,Não entregue,00:00
b67b00bd-8b61-43e8-80b3-02dfe286c230,product_102,66,256.15,Não entregue,00:00
53417e4f-8c52-4165-a3ba-a307e18cb491,product_103,9,908.8,Não entregue,00:00
6a4dabb5-0ed1-4796-8ee3-15783ad57b4a,product_104,26,434.87,Não entregue,00:00
2c83b40d-bb26-4be4-827b-f70ac6e4e620,product_105,90,446.38,Não entregue,00:00
85861dad-d44e-4ecd-adb0-c59e81dbd87c,product_106,97,495.67,Não entregue,00:00
2b2daa47-e14b-4487-8073-9d7be7403ce3,product_107,9,193.33,Não entregue,00:00
ce4bd84f-b042-4502-b48d-241ba11fb4c6,product_108,38,136.16,Não entregue,00:00
c005fcb6-bbe8-46b1-8b58-1baf31493e0e,product_109,67,152.63,Não entregue,00:00
4b4ddc1c-3aa3-4917-b019-a2770fc9cab4,product_110,21,113.14,Não entregue,00:00
4cc503eb-443e-4782-9a8d-a82ecc7474ec,product_111,10,120.41,Não entregue,00:00
04eebcca-f22e-4d6b-86f9-48f7f8010d04,product_112,49,30.1,Não entregue,00:00
9b479340-b653-4566-a0e6-e06a7a9a1467,product_113,85,773.09,Não entregue,00:00
69a579a2-5e60-4e25-9bf4-78af90fdc51d,product_114,99,333.86,Não entregue,00:00
391429d1-3982-42cc-8aaf-50e9bdea49c6,product_115,27,819.75,Não entregue,00:00
0932a7c3-fbf8-4a1d-87a2-4f7d5f094063,product_116,59,264.39,Não entregue,00:00
f50c99aa-846e-4bb7-9129-c4add56e3b2a,product_117,7,999.27,Não entregue,00:00
7824e2b8-fe5d-4651-b3f0-e01875398ec3,product_118,63,331.36,Não entregue,00:00
42fc7fb3-a84b-4734-b645-6454f3908fa4,product_119,68,430.73,Não entregue,00:00
18c1bf72-dc2a-4a80-b249-c2764f0019d1,product_120,16,937.54,Não entregue,00:00
4a0f4fee-3a55-4393-8dd7-2e13ddaf2f1a,product_121,22,521.67,Não entregue,00:00
201b5668-3cf4-4b67-a739-485f4f8c3497,product_122,96,664.15,Não entregue,00:00
1788d38b-87cd-48b1-a177-6249e1b80e04,product_123,29,780.07,Não entregue,00:00
75e9f06a-a4b2-4dc8-8f9a-1a4497e8e827,product_124,1,279.98,Não entregue,00:00
5b7111d7-bd83-4999-b385-ce538e3a0f40,product_125,29,289.47,Não entregue,00:00
9bd96444-01e6-4718-a0ab-a2952d5fc683,product_126,61,879.0,Não entregue,00:00
fed075c4-6871-4399-bfc3-e94b3eff26c2,product_127,9,802.53,Não entregue,00:00
824f5b0f-e45e-42fe-8144-ee509f733fa8,product_128,27,974.87,Não entregue,00:00
9f0a20ac-0a4c-4c53-b87d-5143f48c7578,product_129,16,668.9,Não entregue,00:00
7685a0cc-e289-4fe8-a2e0-5da2ee501ba9,product_130,11,417.48,Não entregue,00:00
64733e67-ea5f-41e8-aa76-f36310242e3e,product_131,10,479.91,Não entregue,00:00
231e8cd1-55e6-4c91-b595-de63a41681d2,product_132,50,358.41,Não entregue,00:00
0fa18216-4583-4115-a138-dc9fe0628e87,product_133,26,944.0,Não entregue,00:00
8ec74246-f08d-4809-8db0-9b58a10e14b0,product_134,46,483.01,Não entregue,00:00
51120e81-b2c5-45f3-b3ff-31772bee5b4c,product_135,49,122.18,Não entregue,00:00
d2e54b72-1cc9-4a21-9dbc-24a24c1a195d,product_136,11,194.42,Não entregue,00:00
ee2c7aa5-c50e-4dd9-b2ec-8a62eacca262,product_137,74,879.73,Não entregue,00:00
057b95f9-e80f-4be6-8bdc-61475cf5a398,product_138,36,790.96,Não entregue,00:00
d19b81b6-7b73-4d89-a1a3-c605a1eeed62,product_139,45,710.53,Não entregue,00:00
a2cedf43-6375-4306-a8d0-45ee36c187cc,product_140,24,687.02,Não entregue,00:00
192c3f89-f36c-4eb7-9b60-d25d48f87a2d,product_141,92,15.23,Não entregue,00:00
21bd942b-ab8a-4bab-b320-366b4b8a9478,product_142,71,855.59,Não entregue,00:00
05999ee1-5448-40ce-8bc1-07e7cbd00ebd,product_143,32,112.09,Não entregue,00:00
b22f0051-8853-40e1-95f6-f17c1215f3d4,product_144,88,192.52,Não entregue,00:00
d063e368-2ad5-47b2-8898-93662b7beea6,product_145,37,220.72,Não entregue,00:00
a755dfac-6cfd-42b2-9a7d-c293fc8dddc3,product_146,19,142.21,Não entregue,00:00
22bcffd8-feb9-43d9-8d65-0f2f661e0dff,product_147,77,155.87,Não entregue,00:00
99644a63-750b-4124-83e6-211159c7ab03,product_148,34,783.61,Não entregue,00:00
b49c0431-7f6d-442a-9f96-71f3fb77d3ce,product_149,35,245.6,Não entregue,00:00
00799c2c-4e43-4487-8b93-533151d4380e,product_150,3,672.38,Não entregue,00:00
94089205-1f1f-4319-9618-922615fa4d9b,product_151,22,889.98,Não entregue,00:00
e5928d3a-0658-4d15-a26e-0487c9966bd5,product_152,48,947.17,Não entregue,00:00
d0f66245-64c2-42db-bec2-6f596f3cdfb7,product_153,86,485.01,Não entregue,00:00
f69828bd-1829-4e65-a30c-88f2b0fe81db,product_154,12,624.19,Não entregue,00:00
fd0dd36c-b07d-4f2f-a362-7107e83c13d9,product_155,86,672.24,Não entregue,00:00
d40e9617-86e4-4409-88aa-355afa2fccd9,product_156,28,153.82,Não entregue,00:00
064963d4-5781-495b-b1a9-051aa779e423,product_157,98,528.88,Não entregue,00:00
9725e550-30b9-4fb4-b46b-661df8f4c647,product_158,5,110.48,Não entregue,00:00
d47e5171-0c21-4007-8f98-09a8587f9a71,product_159,100,879.39,Não entregue,00:00
303fd6e4-9d5e-4b77-834c-2b181df6e2fe,product_160,23,301.36,Não entregue,00:00
2fd4d379-aa02-4173-986a-52c50e53e877,product_161,86,563.78,Não entregue,00:00
9616ed36-0318-476b-b5ff-dead11b6c5f7,product_162,40,952.76,Não entregue,00:00
6da0dd91-27d0-4369-9e32-3fd82bcebaca,product_163,4,548.83,Não entregue,00:00
0c7fb90b-e5a3-4d82-a21e-46269caa20b4,product_164,39,189.31,Não entregue,00:00
f2e48e75-8e73-4528-a6ed-eced62ef18d2,product_165,71,82.72,Não entregue,00:00
34c0f04c-d930-4a51-a5c9-582beef13f65,product_166,63,709.98,Não entregue,00:00
b69cc902-8dec-4364-835f-421e95209e96,product_167,11,264.48,Não entregue,00:00
383f344e-9eef-4e39-a839-3c449e11877c,product_168,93,871.66,Não entregue,00:00
1b5d06c0-fe75-420a-9bfd-a07c667342d9,product_169,10,703.55,Não entregue,00:00
824bdc2e-e8e8-48a9-85b7-8b00aa9ce063,product_170,19,814.03,Não entregue,00:00
c195d94f-b2d0-4076-a15f-d146c76bd6fa,product_171,16,769.26,Não entregue,00:00
bcc1971a-b726-4556-bd8a-9f79a978d784,product_172,10,692.25,Não entregue,00:00
c23ba895-df8d-4cd0-b473-df88a0e71536,product_173,29,866.12,Não entregue,00:00
e374b012-8a29-47c1-9723-a2bb2e06e991,product_174,22,476.63,Não entregue,00:00
ecd49c7d-33a5-4b7a-8ac3-2a67f8e3767b,product_175,69,101.42,Não entregue,00:00
b92ed7f1-12ea-4cae-bb27-8fc018addcaf,product_176,70,242.68,Não entregue,00:00
2f27ba9f-8175-445d-a3d0-6fe22c76dd56,product_177,15,331.48,Não entregue,00:00
28c67b5c-8401-47cb-a86d-3451b26fe796,product_178,85,95.96,Não entregue,00:00
c6b43970-a017-43c6-985e-302e7ba94918,product_179,20,951.32,Não entregue,00:00
9eec9456-a73a-4da1-a2cc-da2650323aea,product_180,61,670.88,Não entregue,00:00
150dd1de-b0cb-4872-8972-fd710a7b387b,product_181,47,261.33,Não entregue,00:00
49f2a1a5-b8b8-4b09-960b-98c9a234eeca,product_182,71,723.63,Não entregue,00:00
bd98418e-76c5-4a05-b83f-5a3aeea38833,product_183,38,248.45,Não entregue,00:00
291e66f9-58ca-47e5-863e-faf0bdfb895a,product_184,50,759.43,Não entregue,00:00
3874c859-8399-4bae-a32b-262f6d056b5a,product_185,29,63.64,Não entregue,00:00
5fcd974a-c5cc-4775-9c55-1a4bf8d7b32b,product_186,9,979.71,Não entregue,00:00
3285fc2e-5201-497d-b19b-1e232b6b712e,product_187,55,985.23,Não entregue,00:00
52403cab-f72b-4fd0-8237-8910a2855b39,product_188,96,118.5,Não entregue,00:00
a4948d69-5ff5-4918-9b82-3fd6ee1a697d,product_189,5,890.84,Não entregue,00:00
93adcd93-0cd9-41eb-81c0-13a71c9bab2e,product_190,64,185.31,Não entregue,00:00
8a835264-6cfc-46fb-b056-e41fa0fe01be,product_191,66,991.3,Não entregue,00:00
3f958bdb-e3d1-447f-a64f-35df66c8bc8d,product_192,28,728.57,Não entregue,00:00
c39413ac-700f-43b0-a326-905691b9b2b0,product_193,7,644.9,Não entregue,00:00
5dc73343-4948-4b01-9482-677f0b82db39,product_194,35,995.18,Não entregue,00:00
5c916917-2977-4859-a5c7-5c9c0e5f7346,product_195,87,678.47,Não entregue,00:00
8ab09d6e-8fce-4f0d-9729-7de6873ba3f5,product_196,15,446.18,Não entregue,00:00
14632812-e0bd-472f-bdbd-cfc59a1983fc,product_197,53,768.17,Não entregue,00:00
a9f11ace-7033-4583-8fbf-58f970dcdd33,product_198,1,805.81,Não entregue,00:00
a8d53070-e492-4a3c-a726-04b6e7954578,product_199,17,503.56,Não entregue,00:00
0ee24133-23e1-4fed-a028-20312930c46e,product_200,10,165.85,Não entregue,00:00
ac9fbff3-d685-45c4-b3c9-c38986312385,product_201,63,229.24,Não entregue,00:00
d8cead92-e27e-4f30-a185-e6e78496e067,product_202,100,347.27,Não entregue,00:00
df48e5a9-2e15-488a-922d-70ce1be4a11d,product_203,48,793.49,Não entregue,00:00
f7eabe9c-c01c-4163-aaaa-6e9ab284326c,product_204,96,632.68,Não entregue,00:00
52cb0192-8c39-4e06-b0a5-4c25f853ac71,product_205,100,778.05,Não entregue,00:00
e257d107-8077-4162-acac-cd36dc90ba35,product_206,39,813.36,Não entregue,00:00
94b946c8-a1b3-4862-8d65-b37e6c55acfe,product_207,65,113.0,Não entregue,00:00
a1fc0893-5a1a-4a1e-a686-bd979b9b69e5,product_208,31,593.57,Não entregue,00:00
1fa1dbb7-7035-4707-9a97-73ac2e150a5a,product_209,87,546.16,Não entregue,00:00
ed29511c-2ebb-40a4-9075-ae7b317467ca,product_210,13,827.58,Não entregue,00:00
1bd47d38-4cd0-49b7-9859-3f214bab2d73,product_211,60,768.26,Não entregue,00:00
181c0064-ad0b-4cb3-95d0-0df46e79cb4a,product_212,94,136.95,Não entregue,00:00
7d281669-0696-46be-973e-2a52bf7c2c65,product_213,48,830.79,Não entregue,00:00
67900c3c-d2ba-48ed-a2ac-a83ebe2134cc,product_214,20,383.5,Não entregue,00:00
6c4c8906-91b6-4f30-871a-b856182bbbf4,product_215,82,831.06,Não entregue,00:00
704624e6-ad04-42a7-bd73-21d5f348aab8,product_216,17,999.04,Não entregue,00:00
bdb1754e-3fe2-4369-80dc-7bbb400d851b,product_217,43,917.24,Não entregue,00:00
d45e6583-67e0-4848-8e19-813a1691396b,product_218,33,841.41,Não entregue,00:00
dfc0800d-e23b-4935-b2ac-738eec75c61d,product_219,11,561.96,Não entregue,00:00
661a2627-2dbf-43d0-ae62-069084851c2f,product_220,88,603.53,Não entregue,00:00
f9f26ab7-37ea-49b3-9fcc-0b238b837ad7,product_221,40,190.68,Não entregue,00:00
9f270454-6878-433b-b540-4e40d3cd06df,product_222,49,593.92,Não entregue,00:00
f20b167b-8ed2-4c6a-9a3b-0a2b12f96a51,product_223,32,780.63,Não entregue,00:00
ac88d424-ee68-4dda-8abf-f8214e60f3f0,product_224,78,721.48,Não entregue,00:00
0394b7aa-5118-4768-a70d-6e5652357bdc,product_225,70,953.53,Não entregue,00:00
6c6594cc-87f4-48c5-8832-a998283f2578,product_226,3,847.24,Não entregue,00:00
91bc25c4-21d0-49b0-a6cd-4bcb4223effa,product_227,76,12.72,Não entregue,00:00
969afa53-75fd-4f8b-9533-c94f501c803f,product_228,4,692.71,Não entregue,00:00
d37520a2-8f66-44a7-b8ae-cfba08c392fd,product_229,90,47.65,Não entregue,00:00
5422e803-c163-4d74-845c-5b43b3742053,product_230,99,902.17,Não entregue,00:00
eabf6a0b-3308-4b8e-99bc-3b8b969ba830,product_231,93,391.99,Não entregue,00:00
c42b2d62-24b6-48e9-8ac4-b1be9cb66764,product_232,47,672.1,Não entregue,00:00
db0e8fe0-feab-4604-8606-9c05a3fb88fa,product_233,76,728.45,Não entregue,00:00
b75a18b7-d091-4a06-9f68-33434d9e4c40,product_234,55,641.71,Não entregue,00:00
8f4dcb98-c8f4-44b6-8e1f-cf11dd39cfe8,product_235,48,453.51,Não entregue,00:00
abc8de7d-42f4-48cd-9425-9cc99d225db9,product_236,65,866.9,Não entregue,00:00
d703f278-4dda-49f3-8786-484906109920,product_237,15,751.19,Não entregue,00:00
01e30de9-e015-4fd3-8aef-466b15c85820,product_238,39,490.51,Não entregue,00:00
450915b4-b042-4ade-945e-c47099584977,product_239,20,318.36,Não entregue,00:00
059f93d7-8f34-4d57-941b-70f750b8068e,product_240,31,834.22,Não entregue,00:00
9bcf8b16-e9c6-4d92-bebf-770131dd57bd,product_241,62,620.96,Não entregue,00:00
f50a3754-9c2c-446c-976f-281640686491,product_242,76,600.8,Não entregue,00:00
1fa6d7b5-8ee3-473d-8ad3-7530cdbd1d09,product_243,87,356.83,Não entregue,00:00
db61022b-ac4c-43a2-a3cc-685c1fef3072,product_244,15,589.99,Não entregue,00:00
5d659643-bdf6-417d-822d-d19f8ea9610f,product_245,7,773.65,Não entregue,00:00
ff03b14a-f4eb-4b6b-8260-0e4448011fe6,product_246,33,879.99,Não entregue,00:00
62f3ffcf-3a15-4586-a544-eb7e4629b175,product_247,80,172.66,Não entregue,00:00
a60a0e6e-ace3-4145-911a-b3535d7e565e,product_248,27,982.53,Não entregue,00:00
2988b8e8-f54c-478c-85c3-5ee46eaa989a,product_249,37,541.83,Não entregue,00:00
48ac20f7-4d36-4449-93bb-64f266bd4512,product_250,83,953.85,Não entregue,00:00
6767cc74-6b76-4daf-85f0-f89af089c330,product_251,32,339.08,Não entregue,00:00
f3a185f9-8bd6-4e2e-83e7-c35b6c024cf2,product_252,81,542.25,Não entregue,00:00
fa3df545-bfca-47c3-9355-054e7806d4f1,product_253,29,156.98,Não entregue,00:00
2521f213-1230-4a5e-9121-6984b0a6e138,product_254,90,88.54,Não entregue,00:00
435f30df-d382-4c79-851f-35bb7be1c67a,product_255,49,82.28,Não entregue,00:00
49892842-710f-4bdd-8feb-1a3c55829912,product_256,93,361.77,Não entregue,00:00
b5046e6f-c8bb-464f-8433-4fd32b6d5226,product_257,65,867.49,Não entregue,00:00
5a033559-2529-48d0-b231-dc1fa2702eff,product_258,49,319.32,Não entregue,00:00
43e6cc4a-60f7-467a-aa1c-4ea57252baa2,product_259,74,491.14,Não entregue,00:00
c6b83305-6da6-49e0-bea1-5da3f4efcfa7,product_260,5,478.11,Não entregue,00:00
e06ecf49-55db-4e80-97dc-e0bde260e15f,product_261,10,242.27,Não entregue,00:00
ddc39846-b388-45fd-884b-31dddfd55f13,product_262,85,256.13,Não entregue,00:00
ea4b5b3f-89bf-406f-a3c0-8e0e544ef0ca,product_263,11,118.36,Não entregue,00:00
cc46794a-787b-4d46-a93b-f5dc202d865b,product_264,86,721.1,Não entregue,00:00
9b5c058c-7d8d-40e1-861e-7587293de8ce,product_265,51,225.07,Não entregue,00:00
2178ef82-de66-47fe-9aeb-750d7d37871e,product_266,85,746.44,Não entregue,00:00
ece0cc55-1b12-456a-8c2a-f24bbab6ca7a,product_267,23,488.06,Não entregue,00:00
edf8badf-b542-4136-a1d3-a45ce8106b50,product_268,3,206.11,Não entregue,00:00
73e951bb-e9b1-4353-b0df-881838611a93,product_269,19,432.47,Não entregue,00:00
8999bb2a-e846-45cd-831a-723826fe6667,product_270,58,589.25,Não entregue,00:00
42d93a3a-8731-4bf5-93e9-c191537ae503,product_271,47,254.16,Não entregue,00:00
844ae614-3b51-40d5-bb10-a4d31984c8b8,product_272,78,137.67,Não entregue,00:00
e088745e-2d3c-496f-96ae-f91dfb09b23a,product_273,63,40.33,Não entregue,00:00
f869dcbd-7d4c-4b6f-9df1-ee960360e64a,product_274,4,535.87,Não entregue,00:00
0107976d-fbfe-4336-bc69-c456665b4ab0,product_275,13,840.93,Não entregue,00:00
64605bf2-11bb-4345-93fb-c3bf4c45ae0e,product_276,37,788.16,Não entregue,00:00
47b2f667-c615-4208-8d47-76a356f337b2,product_277,68,418.85,Não entregue,00:00
12f91d6d-cbad-4997-aa7f-149bf4579264,product_278,41,493.3,Não entregue,00:00
f9a41987-ba58-4166-a6ca-c7a7fce9f4f3,product_279,17,732.73,Não entregue,00:00
51b41cd0-5cc4-4fe8-9337-16b513b566e6,product_280,59,218.45,Não entregue,00:00
bb7ccfe7-316c-43c7-a338-34bc5a3fb1fd,product_281,8,950.68,Não entregue,00:00
d0d330a1-fd99-4c2b-a96b-3ed3285c38cc,product_282,36,900.43,Não entregue,00:00
c999e6cc-0445-4a43-8995-06740ec736b6,product_283,52,439.19,Não entregue,00:00
aeaa9413-744b-4673-961d-ee24af827ee2,product_284,30,623.55,Não entregue,00:00
c95e17bb-0ffd-4bd1-b79a-739b740362fb,product_285,84,781.66,Não entregue,00:00
54fc4645-1575-4f12-a2e8-a8e3f4a39f3f,product_286,92,562.23,Não entregue,00:00
ffcc7828-4af6-4b15-a39e-b601b48ecfd2,product_287,75,777.78,Não entregue,00:00
2d68b500-3120-40e2-9a3e-e9bbf222ee98,product_288,17,77.11,Não entregue,00:00
53ad77ac-a3e4-4499-b27d-57109fd9d60b,product_289,44,271.05,Não entregue,00:00
ba24e009-3d76-4975-a002-d3737c793e7a,product_290,100,323.63,Não entregue,00:00
67511d97-c874-41a8-8164-1408f07aceb9,product_291,19,534.24,Não entregue,00:00
2f88c90c-a24e-4ca7-bc52-3421f618cde8,product_292,63,269.53,Não entregue,00:00
0eafd395-5f7b-4431-9930-36998d2c75c0,product_293,22,704.82,Não entregue,00:00
ec1c8118-b25d-4b95-9da8-d67d1f2b8433,product_294,15,343.37,Não entregue,00:00
35312a70-a045-4441-b416-fe0c2bf14b79,product_295,37,370.56,Não entregue,00:00
04a5dea6-79f4-4d84-b6a3-7d4c4f486db5,product_296,32,929.67,Não entregue,00:00
33b23db0-b065-404f-a2bf-c004c2681cce,product_297,13,377.08,Não entregue,00:00
fc677a41-389f-421c-9fb2-dc5c2a61fe32,product_298,18,462.59,Não entregue,00:00
0be271be-63bf-4b45-abb2-9e4e4e1cde30,product_299,84,900.23,Não entregue,00:00
1e11d363-8f67-4621-86af-5297e4a7ef86,product_300,31,862.68,Não entregue,00:00
76c43e74-fa17-4a4e-abd7-0eb4f59023dc,product_301,77,49.57,Não entregue,00:00
45c5f269-fe29-4ce8-9435-8c1f3c1172c9,product_302,66,765.7,Não entregue,00:00
e90639d9-4fca-452f-aba7-c91bab5bbd2a,product_303,70,758.56,Não entregue,00:00
561eace8-a7fb-4e1b-87c6-31b9dfbe8241,product_304,2,391.75,Não entregue,00:00
918e0dbd-0e54-4ada-b591-9cfa77189d36,product_305,56,546.58,Não entregue,00:00
5c1c19f6-e1ee-4b6e-8b30-a1dedb425ca3,product_306,92,505.92,Não entregue,00:00
bea77dd7-e4a7-41da-b496-cfabf5f00483,product_307,24,942.73,Não entregue,00:00
09990ffc-c4a2-4817-8a2c-1ad211dfb267,product_308,51,10.1,Não entregue,00:00
8c1abcef-6851-4f4b-b630-1b506e918837,product_309,7,202.33,Não entregue,00:00
ee627fc6-bad0-498a-b11d-8c5e95c31a6b,product_310,5,368.44,Não entregue,00:00
2467f87e-4f7c-4a95-9454-92e1df06d199,product_311,96,977.91,Não entregue,00:00
43752663-7a9b-4b97-a216-a29ec25f1fdf,product_312,39,587.72,Não entregue,00:00
725b3d9c-3a7b-4cf1-aad4-0859d512a8ca,product_313,39,252.15,Não entregue,00:00
cfe4f46a-00c6-41de-b62a-d098dfef4091,product_314,86,890.38,Não entregue,00:00
a1d54bb2-c349-422b-bed2-8130522e0eb0,product_315,17,84.2,Não entregue,00:00
321b323c-956a-4d0e-813b-59ef5dae6959,product_316,51,175.87,Não entregue,00:00
4fa4f949-dadd-446c-a34d-6efd1ab94eea,product_317,90,754.34,Não entregue,00:00
d8ea04eb-c36d-4ffd-ab5f-87dd166808b2,product_318,64,864.55,Não entregue,00:00
87534647-f652-49b0-aa51-33f12342b3cf,product_319,94,985.59,Não entregue,00:00
f2599898-046a-461f-af62-fdcd1d09069f,product_320,5,551.34,Não entregue,00:00
547298a2-ec9e-497e-8595-632cdc60b491,product_321,1,230.5,Não entregue,00:00
a7f90d7f-6e07-4702-807f-cf4ada12c985,product_322,24,958.31,Não entregue,00:00
f63e5dc9-8f7c-4722-b419-d8a4446f4809,product_323,21,766.93,Não entregue,00:00
48357ba3-a023-4bd2-8a82-71b38c74c0d0,product_324,59,899.89,Não entregue,00:00
e9ea4d28-e38a-4985-be43-83041eb17b65,product_325,77,815.12,Não entregue,00:00
0eaba0ca-a9fd-48fd-a17a-f7121820a587,product_326,14,515.98,Não entregue,00:00
5405cc72-85f6-4311-a69c-e26ccbd78dc2,product_327,97,682.8,Não entregue,00:00
715f6d32-8a05-43b7-b65d-3a2612044bf8,product_328,10,446.85,Não entregue,00:00
b56c71e5-4a53-4e25-816f-979f8f0a4ae5,product_329,53,253.26,Não entregue,00:00
561a6eab-e45a-41b4-b38e-46f07d9096a6,product_330,66,928.22,Não entregue,00:00
788bec80-6342-4336-adaf-a2b75554e3b6,product_331,56,79.88,Não entregue,00:00
faac9d15-83dd-42d6-8dde-ef46cec0451f,product_332,3,519.85,Não entregue,00:00
e7aa0f0e-e2ed-4ad1-8dff-289a96c88f79,product_333,70,187.79,Não entregue,00:00
62f099f2-ab4a-4368-bede-987950871b0a,product_334,39,42.46,Não entregue,00:00
b7cf4864-8d0d-4d62-a3f7-881d6dc0f55c,product_335,1,800.43,Não entregue,00:00
974dd569-d591-40a8-99fd-5a53f7332707,product_336,25,776.86,Não entregue,00:00
2229af32-d722-495f-94e6-174966a801ff,product_337,16,412.4,Não entregue,00:00
75bf8868-3539-4bed-a267-469207e74b49,product_338,13,770.46,Não entregue,00:00
1096900d-3c32-4937-9444-8929cd023d56,product_339,58,597.42,Não entregue,00:00
2c4ab238-f4af-4b4e-85a0-7678aca10687,product_340,83,55.49,Não entregue,00:00
bb5643d8-f537-4471-9d5a-e132c1cb4a89,product_341,21,204.82,Não entregue,00:00
5ac4eb7d-c3ae-4a99-be8f-78039847dd2d,product_342,30,653.01,Não entregue,00:00
c75ee20e-5215-49e4-ac15-c94ad286d024,product_343,63,739.62,Não entregue,00:00
5197bd8d-e970-4430-a7d9-00a6a3650565,product_344,76,107.36,Não entregue,00:00
3d73b8d3-a75c-45c4-b874-2a60604c1a59,product_345,77,299.58,Não entregue,00:00
128d3229-a51c-4dbf-8a7d-6a055227cf3d,product_346,33,414.8,Não entregue,00:00
a65e2bf2-e44a-4a98-842d-8930946c4e91,product_347,73,674.81,Não entregue,00:00
dfb6e9e9-9d3f-4aae-a024-65b5dcd49d53,product_348,34,850.08,Não entregue,00:00
ee25a478-06f1-4b0e-971a-f1c98e1e6ce4,product_349,42,161.59,Não entregue,00:00
08aad850-efa2-442c-889b-19987c26f256,product_350,71,346.85,Não entregue,00:00
5352380e-317f-4f70-ba88-3e5f9e23ca50,product_351,24,230.97,Não entregue,00:00
17852ee7-16cb-44e6-8f65-f833e27e2bb5,product_352,95,485.48,Não entregue,00:00
8a476dc0-7a41-476d-aefa-6d2b478669e4,product_353,13,35.16,Não entregue,00:00
8b9ddff5-9150-42a1-ab75-8c29b9bbe916,product_354,64,415.18,Não entregue,00:00
49ec0eb3-9344-4673-8634-51137c9c461b,product_355,35,534.36,Não entregue,00:00
2c8878df-1b6b-42a5-b99e-2b4eb6152f0e,product_356,48,852.3,Não entregue,00:00
f2188377-4393-4e66-9609-38d0b7e6f946,product_357,50,265.56,Não entregue,00:00
7a9f7e30-64f9-47e9-bafc-7d7fb574ae5b,product_358,12,524.5,Não entregue,00:00
7a1fc406-d4fb-4443-832e-1a7e3510fe47,product_359,15,481.53,Não entregue,00:00
158d6956-bc9f-42a9-8ebc-e604406f5bf3,product_360,13,187.85,Não entregue,00:00
8b61bfc6-5a7a-4987-a502-0d6c5955d5dc,product_361,61,698.66,Não entregue,00:00
c3ad6421-8a1a-4d00-a47b-2ead7dae0344,product_362,2,776.54,Não entregue,00:00
a443cac0-c034-404a-b862-18372d1c5340,product_363,71,549.01,Não entregue,00:00
c47aa911-458f-44bc-9069-4dee15a1e168,product_364,17,919.96,Não entregue,00:00
158c55a9-7c86-477e-9df8-911a78103425,product_365,47,945.12,Não entregue,00:00
7d32934f-a54c-4bba-b8c2-4a14898dbc17,product_366,36,886.16,Não entregue,00:00
082f390f-ec59-41d7-8f85-33d5c5e16045,product_367,11,100.8,Não entregue,00:00
47ab7671-0ae9-4a1e-a8a5-141b404068e0,product_368,82,101.0,Não entregue,00:00
562ff58d-6491-440f-b0c3-e79f6900bb49,product_369,100,713.44,Não entregue,00:00
955f4384-100b-4d76-a58c-4a3a2ecba677,product_370,95,195.37,Não entregue,00:00
f53b41ec-d300-4cff-b1c9-7c083f5429af,product_371,68,88.44,Não entregue,00:00
ec56a7f3-ab27-4e49-951a-c9d7c302b99e,product_372,70,252.76,Não entregue,00:00
6303918f-b556-4007-ae29-600040fcfadc,product_373,23,744.17,Não entregue,00:00
29eb5c54-79e7-4eef-8340-9ad7f328ac64,product_374,83,171.11,Não entregue,00:00
4e1c94ee-a61c-41ff-b310-4b53b1969c18,product_375,95,444.02,Não entregue,00:00
fc5a0726-43ee-48b3-a2bd-0af2262d3fba,product_376,84,754.25,Não entregue,00:00
983343b7-472d-4418-af9f-346ea96f992f,product_377,22,435.92,Não entregue,00:00
d35eb11c-f9e7-4236-b880-313ca6756ead,product_378,44,444.06,Não entregue,00:00
8928a8a7-4a15-4d5f-95f8-0718170f9d49,product_379,79,335.36,Não entregue,00:00
00a3df12-7d8c-4f28-8b1e-bf83fc2fbbf9,product_380,62,157.48,Não entregue,00:00
b2f76083-f341-456e-8240-15e40fec1a5c,product_381,58,407.87,Não entregue,00:00
da11a8e0-1ef4-4f43-aef6-e7c7f95a7b2e,product_382,36,556.89,Não entregue,00:00
5e63827e-f317-443b-9bde-4d772bd55baa,product_383,67,285.24,Não entregue,00:00
36a58e34-dbc4-4fbe-94dc-b48aa11e4fe4,product_384,11,996.98,Não entregue,00:00
cbc3768a-8a1b-431d-9875-ba0989d60fac,product_385,63,312.61,Não entregue,00:00
31c7a22e-9427-4b7e-aa81-a10f14b04593,product_386,53,435.76,Não entregue,00:00
5984b87b-9191-4e76-a6ae-0074fc96b3db,product_387,45,666.49,Não entregue,00:00
5fc96071-9251-4ff0-b3fe-afa6db6e4fdb,product_388,17,14.15,Não entregue,00:00
666256ce-a974-41e2-ba31-d56027c39a25,product_389,84,184.59,Não entregue,00:00
d48af8fd-b234-4022-803c-2e262935fa73,product_390,66,280.29,Não entregue,00:00
cccd0977-7e44-46b7-86d4-4f721188175f,product_391,25,962.33,Não entregue,00:00
d85c888d-5dab-4b62-9dc6-c75adc5a2718,product_392,60,74.81,Não entregue,00:00
3b10740c-1a67-4bed-aca7-1fe1ac019147,product_393,16,726.92,Não entregue,00:00
f56b95d5-2860-41f4-b3df-3cce124ec7ac,product_394,48,436.91,Não entregue,00:00
b8b81edc-ea23-4a1f-89b3-c14ef35716a2,product_395,78,577.03,Não entregue,00:00
cfcd174b-9aa0-4fa5-beb6-c06782a52ebd,product_396,34,600.08,Não entregue,00:00
e84a130d-1e66-46cf-8834-aec5f6c1917f,product_397,8,981.42,Não entregue,00:00
32eabfd0-4925-4872-8daa-ea1fb056cd5f,product_398,19,754.87,Não entregue,00:00
8dda5a30-9db2-4091-935d-6bc2d3de1cbb,product_399,74,368.88,Não entregue,00:00
7d7409e9-f4f1-4638-98c1-ac1e6b49818c,product_400,79,110.23,Não entregue,00:00
750e2a1c-9005-4bff-8452-8b1dc55dd2a2,product_401,68,271.93,Não entregue,00:00
0f306b17-b7dc-4fac-9056-192b57055352,product_402,100,744.62,Não entregue,00:00
dfd50f40-691e-4ba8-9f47-0a34b16e88cc,product_403,63,184.18,Não entregue,00:00
feb1821e-c80c-457f-b4ed-8c60b04ec7cf,product_404,23,520.97,Não entregue,00:00
63c94486-c4bd-4a3b-82c3-7b04baf7fd2b,product_405,89,514.12,Não entregue,00:00
6f722b10-3152-4a91-ae0b-9903c23f0f70,product_406,78,64.64,Não entregue,00:00
260049e9-5e89-4215-9a9b-3cd1693ce3cb,product_407,92,155.25,Não entregue,00:00
9c8c4a3a-0f35-401f-9a61-e237e4d77f80,product_408,62,611.31,Não entregue,00:00
de1b3b53-c3db-4e9e-9fd1-ab1b44ed19ce,product_409,94,446.63,Não entregue,00:00
206b64d3-d6b8-423a-9191-744c7ef0fdcd,product_410,56,624.96,Não entregue,00:00
867fcc94-c19a-4bcf-98ef-d704c8e2112b,product_411,18,187.8,Não entregue,00:00
db9d0983-cc1b-463e-92f2-923ec6809e3d,product_412,38,834.71,Não entregue,00:00
fcd16b94-86bb-4ef2-beb7-0d601cf8977e,product_413,91,172.97,Não entregue,00:00
2c23344c-1c93-4d98-af72-272d61fa1448,product_414,70,229.47,Não entregue,00:00
21e52b9f-60b9-4c0f-8c8c-8eeb50f1a958,product_415,41,478.92,Não entregue,00:00
596578c4-a36c-4a07-b83d-0e6faeabc9ee,product_416,85,431.72,Não entregue,00:00
c22f6381-4e58-40d1-9b3a-0fdb77baab18,product_417,4,603.91,Não entregue,00:00
f0783cb4-fe8c-4be9-8195-512c5c9c2be8,product_418,60,638.25,Não entregue,00:00
3dc9def5-b1b5-47e8-9c89-41db0a7a11be,product_419,20,564.56,Não entregue,00:00
420bc6fd-a43f-4963-8574-bef42e7acee0,product_420,48,198.38,Não entregue,00:00
9492af23-b7fd-4ad2-a09d-413f3988ebd5,product_421,71,118.03,Não entregue,00:00
40f83f19-9a11-43ea-830c-81a26beee88c,product_422,71,443.96,Não entregue,00:00
d9330653-a7b0-4c49-bf64-4a04923333cc,product_423,81,68.23,Não entregue,00:00
f6ac54b1-57cd-459d-9cf8-c6f367783291,product_424,93,628.19,Não entregue,00:00
397543d8-031e-4249-8638-6772237c12dd,product_425,94,34.38,Não entregue,00:00
f3ae4ce6-182d-4512-be0a-97bf051d180d,product_426,100,73.26,Não entregue,00:00
cb1abd6a-0fcf-4346-9204-4281bc4023f0,product_427,86,905.15,Não entregue,00:00
9fa2c774-ec39-451b-8dd6-e528bb1f17b8,product_428,15,933.65,Não entregue,00:00
ebf980b7-375b-4b80-84c0-c6b176a07090,product_429,85,183.4,Não entregue,00:00
b78ef8b3-e91e-49ac-9269-bd55aacbd843,product_430,26,765.92,Não entregue,00:00
70413a10-b7b1-4842-b5bf-1843c89670c3,product_431,8,24.65,Não entregue,00:00
995b03ba-9d65-454f-9951-988540bd6ce4,product_432,37,520.65,Não entregue,00:00
2afa9eac-a921-4e98-ad88-75c9faa13f3e,product_433,1,23.79,Não entregue,00:00
7fa1c78a-2b95-4968-aec2-5dfba66f2518,product_434,43,617.57,Não entregue,00:00
1d964f3b-58e3-40d6-826a-fddd7c78fa3f,product_435,9,255.46,Não entregue,00:00
43b98002-b99b-4f57-90da-4734fe6d1623,product_436,15,626.13,Não entregue,00:00
2b6147b1-76e2-45e9-b893-79c1d2ae060f,product_437,26,511.66,Não entregue,00:00
1b0b5f43-c823-459d-aa87-8ed2e0deea72,product_438,42,703.15,Não entregue,00:00
a6ab27f0-7437-46bd-bc9a-09869c5b1f8a,product_439,3,387.77,Não entregue,00:00
a87acc1c-5a2b-4e88-b298-cf0214251161,product_440,57,221.12,Não entregue,00:00
996aa969-bd5e-431d-8b96-b39acaf6890b,product_441,68,117.55,Não entregue,00:00
0e381eef-3dec-4bad-8283-7eab7f216ef8,product_442,9,234.13,Não entregue,00:00
d681aa11-c529-4617-b068-cec621e55422,product_443,53,890.3,Não entregue,00:00
f84477ca-232f-4237-ab87-7d20cf9b08f3,product_444,81,247.97,Não entregue,00:00
5261a2f6-fb74-409b-99fc-8f32b8e35d1d,product_445,31,617.5,Não entregue,00:00
5e0b51f1-1514-4828-80c9-d70b42b69548,product_446,38,995.67,Não entregue,00:00
cd60fb71-d950-4680-8e1f-07a46e135e77,product_447,22,844.24,Não entregue,00:00
d986e268-26b1-4342-ae81-3435c9b0d14c,product_448,37,12.52,Não entregue,00:00
4d21ddec-14bc-451b-a367-1080492e1432,product_449,89,996.53,Não entregue,00:00
25dad7ac-9dbf-410c-99b1-d4b64435cd7c,product_450,50,897.08,Não entregue,00:00
f790bc88-5c26-41ee-a200-eae5df198a14,product_451,24,104.97,Não entregue,00:00
f124f70c-3575-4249-8f1e-8bdabf59aefc,product_452,62,910.14,Não entregue,00:00
61ff3003-4b97-47d4-9efa-90786d31cf89,product_453,50,140.52,Não entregue,00:00
a49a8d51-6341-47a7-89b6-9af7f628f492,product_454,3,196.07,Não entregue,00:00
56998141-74fa-4fde-a960-9a286a2a77ee,product_455,14,74.67,Não entregue,00:00
3a5163fc-3005-43b3-960b-822f4955cbc5,product_456,52,68.72,Não entregue,00:00
fbaa073c-bf73-48c6-86e0-2f6cc17b4f42,product_457,100,209.79,Não entregue,00:00
017fa036-5d24-4a49-912e-93b50940a1fa,product_458,3,353.62,Não entregue,00:00
fc3a20ef-bcfa-4809-8b59-dac6cef9c23f,product_459,20,34.33,Não entregue,00:00
d2e9f362-b6f8-4863-8d99-de8c4d0367f1,product_460,2,649.41,Não entregue,00:00
f010b9de-bbd9-46a9-9357-4ef992454e21,product_461,33,982.37,Não entregue,00:00
186370c4-4c8a-44d6-98e8-426c54f3010d,product_462,7,688.06,Não entregue,00:00
218456b3-9a68-4b69-a1ad-c18e1753729f,product_463,98,643.33,Não entregue,00:00
c5fbdb62-4b12-4d8b-bf2e-5fa6690f72a1,product_464,39,190.25,Não entregue,00:00
a3f646a6-075f-4e8b-9063-8acee23460ab,product_465,29,717.07,Não entregue,00:00
4dc9a0ec-0cab-4cbb-bd8d-2343d29c2133,product_466,24,60.76,Não entregue,00:00
297ada92-e63d-4342-9d29-1e6a20514991,product_467,58,837.28,Não entregue,00:00
1c182852-e126-48ec-9938-7313811a7310,product_468,40,128.75,Não entregue,00:00
1df7228f-e98a-4aa4-bf90-eeef48fef440,product_469,8,623.82,Não entregue,00:00
f229a0e3-8087-46cc-a5dc-43a671de4c5f,product_470,4,663.39,Não entregue,00:00
53231731-efe3-49f9-9cd2-c0aa64001317,product_471,67,611.81,Não entregue,00:00
eeebafc4-373e-483b-a731-25b334fd53a7,product_472,81,545.33,Não entregue,00:00
75465420-6212-4ede-9b46-aff4af70d9f9,product_473,60,621.86,Não entregue,00:00
61389b25-d694-4a71-8885-9872fa5a080f,product_474,29,833.84,Não entregue,00:00
4d210cf9-c427-4589-a06d-8e1c0667acec,product_475,21,539.1,Não entregue,00:00
6c94b083-49e4-438c-a408-855a3fdc2d5d,product_476,23,306.11,Não entregue,00:00
7d2c669e-84e4-4f82-a8b2-2a1978fe08af,product_477,33,191.67,Não entregue,00:00
12b07944-8619-4a8a-b1bd-31e55265b5ea,product_478,100,880.9,Não entregue,00:00
9790f50c-60d7-4c25-bb17-36447f157b79,product_479,35,718.57,Não entregue,00:00
c22ac25d-7101-4b5f-bc0e-651fcf6b74bf,product_480,4,79.44,Não entregue,00:00
ed824e56-c78f-44ba-91d7-48f8bcce24f9,product_481,12,399.23,Não entregue,00:00
1e65bb9d-d2d3-4c6e-85f9-4db90bf123ea,product_482,26,972.73,Não entregue,00:00
30a9dd8c-ee05-47ff-a60c-a17ec192e5de,product_483,12,306.34,Não entregue,00:00
e5e01b09-50e0-4e9c-a953-942580311290,product_484,52,858.26,Não entregue,00:00
12258ea5-acee-4f1c-bde7-ab3ac7ab15be,product_485,9,335.26,Não entregue,00:00
4b873eff-ad52-4c17-8f4a-927babb7ee47,product_486,9,953.89,Não entregue,00:00
20b3f4b6-d0ed-4254-aacd-3e5063552862,product_487,22,464.45,Não entregue,00:00
b76139da-6fe1-4e7c-95a1-3644041dcf5a,product_488,66,496.93,Não entregue,00:00
a4c9a597-82f5-4635-8da0-f7da85c730b8,product_489,87,378.47,Não entregue,00:00
94554a29-7eb9-4a13-8c3b-1a7f39b9834c,product_490,24,366.1,Não entregue,00:00
85c8a8ea-c12c-43a6-8911-e7bc0599d5ba,product_491,39,832.08,Não entregue,00:00
5aca56b3-3141-4151-aeea-25ad2dffd988,product_492,37,907.83,Não entregue,00:00
24faddd5-736d-4752-8a8d-e9c202fc6c3c,product_493,33,190.31,Não entregue,00:00
1f59770e-2136-4d75-bf0c-9455f48cbdce,product_494,25,610.8,Não entregue,00:00
ed96220b-8b5d-4e27-a7f7-b0523dee0c57,product_495,64,468.8,Não entregue,00:00
2368692b-d560-4590-b106-70671c38b49f,product_496,61,162.2,Não entregue,00:00
dfcda7b7-a1da-4871-99ea-0bd0459c108e,product_497,36,17.93,Não entregue,00:00
b57921b6-300c-4ed6-9d9f-e727f91de123,product_498,19,638.82,Não entregue,00:00
e0f2e35d-6a0b-4438-bef6-1c7e086e9f1f,product_499,78,541.16,Não entregue,00:00
5bf1ee23-e3d4-4406-b331-96b57ed1a613,product_500,37,216.08,Não entregue,00:00
f4e6a7d5-7eff-40fd-b4da-a813c83ead2a,product_501,28,154.01,Não entregue,00:00
31382b27-1549-4ea6-8e23-c7336ddc2529,product_502,86,189.16,Não entregue,00:00
a6dcc12a-4b36-4b52-b0d8-448c48dcc760,product_503,31,882.39,Não entregue,00:00
9e4cc93c-0f93-4b0c-889b-78bd8fa77c85,product_504,2,943.45,Não entregue,00:00
6762f6d2-080f-4ff8-972b-7f01cf54fba8,product_505,94,146.23,Não entregue,00:00
ffce22f1-4bb3-49fa-8bab-0f9bbc2a9086,product_506,24,42.89,Não entregue,00:00
edb65667-debb-4b9f-a64a-58f516d48253,product_507,1,677.09,Não entregue,00:00
b035ad65-4838-4375-ac1f-6ddd70e4c75c,product_508,2,447.86,Não entregue,00:00
f0d489de-ad67-44b4-a1a2-3c6a1ead65ab,product_509,77,631.48,Não entregue,00:00
f34b50f0-7954-4e48-8739-47556fbc6efa,product_510,64,501.68,Não entregue,00:00
f5016d4c-7fe3-420f-a404-ba88618e9763,product_511,78,26.96,Não entregue,00:00
07e33991-f5ab-4ed5-90e2-10b25c9593cc,product_512,77,501.54,Não entregue,00:00
e229f73e-82eb-4c55-b927-8dcf543450e4,product_513,77,385.34,Não entregue,00:00
3a2c1b63-d299-4139-ac66-632f672cc6b6,product_514,2,26.47,Não entregue,00:00
465b8c9f-040b-48ab-b588-b81bfcb0aa8c,product_515,37,544.04,Não entregue,00:00
0026277f-fd5f-4ea8-a065-9a8ea0c96ca6,product_516,25,526.91,Não entregue,00:00
2da2744d-a01c-4d81-b3f7-8855c33bbb32,product_517,75,455.66,Não entregue,00:00
68e7d05e-3b22-44cb-8eb6-30220da734c1,product_518,29,228.51,Não entregue,00:00
ac7a278b-c66f-4d40-9dc8-9b9b6cc7d500,product_519,100,816.41,Não entregue,00:00
fe3ba4df-15b2-41ed-a666-81f63027f488,product_520,79,966.81,Não entregue,00:00
be087466-185d-4057-98f2-3a34faac6bb8,product_521,100,128.88,Não entregue,00:00
60a02f9e-3ecf-4abc-b10a-5dd5c5259fd4,product_522,52,36.01,Não entregue,00:00
1848ba23-0dd5-4f33-9b0d-ce1484a0bda4,product_523,47,999.02,Não entregue,00:00
d1a9e060-4802-44d0-be9f-b380bf0424cd,product_524,52,397.27,Não entregue,00:00
8dfb9a49-9f42-42ee-af50-9683d6298b32,product_525,68,834.37,Não entregue,00:00
de1e8782-8eaa-4e47-80b2-2a62b3c33d63,product_526,60,817.71,Não entregue,00:00
1097451c-44b5-4bc6-9d93-5997a897f8d6,product_527,44,21.78,Não entregue,00:00
66e427bd-a1f9-46bd-a449-c1c7e8e0af82,product_528,36,302.62,Não entregue,00:00
d0a51020-1272-44da-b8e0-4a427013392c,product_529,8,408.13,Não entregue,00:00
3f00781c-e899-4ad6-a093-55f3b3bb6e74,product_530,60,586.14,Não entregue,00:00
33feb3bb-0c62-4e6d-bdad-a4975374c4a2,product_531,65,928.23,Não entregue,00:00
e0c4da68-29b0-4eb5-8390-44e987db58d6,product_532,2,933.6,Não entregue,00:00
fa7a2963-51d5-4cf0-b959-e9490e474d90,product_533,11,103.01,Não entregue,00:00
ee64e457-e31d-4551-a42a-9d137d185df3,product_534,80,313.23,Não entregue,00:00
e7a0fbd4-6f57-494d-969c-fb781289164a,product_535,88,659.45,Não entregue,00:00
68551c1a-e7dd-4b31-ac53-ea4010c9c6e9,product_536,92,197.69,Não entregue,00:00
7120e6f6-16e4-4dc9-a7fc-526fe9aa462f,product_537,27,213.38,Não entregue,00:00
d5374f3e-f99f-4cc8-a366-82a8fd2ca881,product_538,63,570.03,Não entregue,00:00
e5794c49-9be6-4c12-8152-a91ec13b7d85,product_539,22,90.01,Não entregue,00:00
b71bf3e6-4866-4c48-9427-b238a15f155f,product_540,62,493.16,Não entregue,00:00
6cb788b6-62f5-4a25-9407-8bdd94a0845d,product_541,60,202.93,Não entregue,00:00
3f2436da-38ca-4fa4-862f-a4f14df397ac,product_542,100,312.76,Não entregue,00:00
0bac37fa-2598-4996-9120-97e5c60468f7,product_543,2,284.34,Não entregue,00:00
916db664-7017-4109-9c16-4550606bfc98,product_544,99,620.54,Não entregue,00:00
2ed6d08e-f061-4fca-b13c-2453dbea102c,product_545,20,824.5,Não entregue,00:00
c112fa51-e618-4fa8-bf4e-4e32078882b6,product_546,3,787.21,Não entregue,00:00
7c1d418d-3a63-4ecb-894b-257d346c316a,product_547,29,293.2,Não entregue,00:00
421860c7-ec94-472a-947b-1eaa49b96251,product_548,24,400.46,Não entregue,00:00
6da16290-8a1d-475a-a81c-852a2110570a,product_549,86,816.35,Não entregue,00:00
2fbc9031-4e9b-49f8-8749-b6115bc7e4e4,product_550,65,360.01,Não entregue,00:00
907559aa-9f9d-4eea-abb0-8eca60e78d69,product_551,71,438.12,Não entregue,00:00
8a44a01f-0daf-423a-ac20-1eccfc92f1fd,product_552,2,574.54,Não entregue,00:00
d7b7c5dd-997c-461f-b4d9-013147064111,product_553,72,103.64,Não entregue,00:00
bd760658-f4d1-4a86-8812-2de6930c1b71,product_554,22,531.4,Não entregue,00:00
8751cf5c-a331-4089-9e14-cad3a918c632,product_555,30,48.1,Não entregue,00:00
c84fb19a-e999-4543-9a33-1a8dc8b8ab3b,product_556,19,309.77,Não entregue,00:00
9a48d551-d2c7-4d5a-bcec-beaf48b5d200,product_557,60,250.0,Não entregue,00:00
4b0f537e-84fa-413e-ab0e-18c5e7eaf580,product_558,65,261.59,Não entregue,00:00
77d49890-8e39-4470-abcd-992810e0acfe,product_559,11,450.51,Não entregue,00:00
ab30bcab-4f68-4a14-afa1-6ebc022fa430,product_560,59,569.62,Não entregue,00:00
b9541ea4-83cb-42d1-b529-851efddd2eb2,product_561,69,743.0,Não entregue,00:00
624f3ff4-6a88-4647-9716-c0f0af66d25a,product_562,31,300.7,Não entregue,00:00
e1fd4211-ee01-4235-ab31-e67d96b1aadb,product_563,95,727.97,Não entregue,00:00
927fe113-de26-4d37-a780-ab6acb607f22,product_564,67,610.41,Não entregue,00:00
5b0cc43f-0ef5-4b2f-967f-bf161e5ffef5,product_565,98,666.5,Não entregue,00:00
c15949fe-6d49-430f-a6f0-11ab02584e99,product_566,90,87.01,Não entregue,00:00
7599e5d6-f452-45bb-b209-02d517def02e,product_567,13,148.62,Não entregue,00:00
3566a5e0-9f9f-4992-ad85-b2f5855389ed,product_568,25,198.18,Não entregue,00:00
fc24029d-d206-4ff8-a59e-d6bc10c20a1c,product_569,51,128.01,Não entregue,00:00
43e0d17e-8160-4377-a45e-b85edd4eb7ef,product_570,96,798.45,Não entregue,00:00
1610dc8b-2ddb-4d36-980b-d36975785767,product_571,66,397.07,Não entregue,00:00
dc185012-7102-40ba-9285-ec3cc078317d,product_572,59,712.85,Não entregue,00:00
6718a0fe-53c8-4f35-a349-eba07f0cd028,product_573,54,765.2,Não entregue,00:00
6af19f03-d8b8-4827-8cb5-95e0290b1a44,product_574,46,79.16,Não entregue,00:00
ad219f95-e5c0-4271-9e40-da42c20f1f63,product_575,56,106.0,Não entregue,00:00
35e2ee70-4a89-4682-9c9c-7328cdbcc82a,product_576,57,372.98,Não entregue,00:00
987c0d51-ef1e-45f8-bb2a-af2bb31ed134,product_577,64,500.24,Não entregue,00:00
e6fcfba3-7657-48d1-be22-d41c7be9cb72,product_578,32,31.24,Não entregue,00:00
4d73de1a-eeea-44be-b615-da6020ccaa06,product_579,98,546.37,Não entregue,00:00
0a425d62-8e29-4d9e-934e-fed38b1a0b70,product_580,87,887.39,Não entregue,00:00
1bc6fbe1-971a-4171-9bfd-b2d6da3dd5b3,product_581,72,922.42,Não entregue,00:00
6090e40d-7927-43d8-8ae0-af12b726af89,product_582,61,834.84,Não entregue,00:00
c7ff3597-de44-4fd5-aa68-77273b353d5d,product_583,88,21.69,Não entregue,00:00
449a3b68-e55b-4b15-a619-0c9b2b01e817,product_584,88,716.14,Não entregue,00:00
a7b84d7a-1205-40a5-96c3-c3326747f974,product_585,16,159.98,Não entregue,00:00
18fbb6b0-bb66-4982-b3a5-0cf159edb3e0,product_586,16,396.85,Não entregue,00:00
281256be-6171-464b-acab-a70d399e0c27,product_587,24,198.21,Não entregue,00:00
dcbc17a0-04f5-42b9-8b76-e69322267c89,product_588,88,694.76,Não entregue,00:00
fbedd9cd-ea55-4798-8dbb-b5ae76f973ed,product_589,27,394.79,Não entregue,00:00
cc6469bc-af0a-4e57-b73c-0cab5b52235c,product_590,59,562.31,Não entregue,00:00
cfe87902-bd23-4592-aef9-c411d51bc0f9,product_591,49,882.93,Não entregue,00:00
87887d9a-7e82-45fb-b23d-daf682ee3825,product_592,51,937.05,Não entregue,00:00
6143e293-1a45-4bef-affe-fb0f705f94d5,product_593,41,498.9,Não entregue,00:00
429dadaa-45ec-49e2-a5a3-e690047bcbd4,product_594,4,179.02,Não entregue,00:00
140c5f49-a6f9-443e-955d-4bfa60bf4dc1,product_595,51,404.3,Não entregue,00:00
6a3740db-ee9b-4cb3-83b9-de9b9a5a6e1f,product_596,10,610.01,Não entregue,00:00
a550b8b7-eccb-4c95-870e-6fdb6ee784f8,product_597,26,861.68,Não entregue,00:00
a23a3e1c-3232-4288-91cd-86d41b5066b8,product_598,53,328.64,Não entregue,00:00
2a4c3de0-23ed-48f9-8367-c5682abb4fc4,product_599,100,629.68,Não entregue,00:00
7358c6db-60e4-45d8-a02d-b9bedd7fba1a,product_600,54,425.33,Não entregue,00:00
b3384d98-d6d2-4c5e-bf01-da15bd84aed0,product_601,80,89.36,Não entregue,00:00
bc86af88-d279-4b00-be87-7d782730e618,product_602,35,271.09,Não entregue,00:00
86f8c514-1f0f-400a-acc1-a17161327614,product_603,42,445.24,Não entregue,00:00
bd475974-e3e5-48ed-b55c-2de4899f77c7,product_604,25,651.13,Não entregue,00:00
862377a8-0f46-456a-a4bf-6d007e6f8c4f,product_605,53,155.74,Não entregue,00:00
a2daf5f2-791e-43c5-a521-ab2594c52155,product_606,26,349.04,Não entregue,00:00
29a72873-d798-475e-ad00-80c3b224b1b3,product_607,34,381.87,Não entregue,00:00
127bd0e5-5a6a-42df-99a2-e4bc61d03a1c,product_608,12,982.38,Não entregue,00:00
0f9908be-c1d3-4c19-a270-7cd24533c258,product_609,90,62.27,Não entregue,00:00
f1fb255a-bfae-4cfd-bf3d-ad0ca2fa63ea,product_610,30,818.18,Não entregue,00:00
32af9c94-fd6b-4ec2-8377-4a0345388d02,product_611,37,605.65,Não entregue,00:00
bce88794-7afa-4338-95d9-33968b0b8385,product_612,43,524.73,Não entregue,00:00
38f21da5-dda2-4a78-a0e5-8366409f77d4,product_613,58,993.17,Não entregue,00:00
243d783f-e15f-4c8e-8db2-060e1084d9e8,product_614,48,128.01,Não entregue,00:00
dcd10b99-96a3-40f5-aef3-3c902e2a3598,product_615,41,253.59,Não entregue,00:00
d157cb5a-523d-4299-8c08-496e18956d98,product_616,32,226.72,Não entregue,00:00
0156a638-9f6b-4be7-bf48-5fb08c0174df,product_617,35,278.86,Não entregue,00:00
30187b1a-3d15-4580-8252-07b32889b23f,product_618,21,322.43,Não entregue,00:00
2f2bf0be-0a14-40ec-a541-ac4b6bce8b8c,product_619,52,296.14,Não entregue,00:00
b4375b4d-513f-430b-a968-2715c17f6d7e,product_620,45,933.74,Não entregue,00:00
1acd6623-1c68-4e04-944d-3e9419d1ca36,product_621,3,488.28,Não entregue,00:00
bc2ce72d-14e5-4cb2-9b08-d880d6c81be6,product_622,83,708.84,Não entregue,00:00
e02178a5-7932-4582-b67e-9680a434d46d,product_623,82,651.88,Não entregue,00:00
8bb093b1-7941-48a4-b06c-72ac146397d0,product_624,60,394.68,Não entregue,00:00
7677bfb5-c902-4f47-adfa-b3b453508b34,product_625,41,42.75,Não entregue,00:00
e1c9d106-e74c-455b-9ad5-c5dd7330d2bc,product_626,1,930.5,Não entregue,00:00
fcd1f664-d762-448b-8f93-a09a47600750,product_627,32,587.66,Não entregue,00:00
6d920829-27c7-444e-b1a7-6dce08d18638,product_628,77,840.53,Não entregue,00:00
e2ad4fe8-745d-4fe7-a8ba-666716e018d3,product_629,21,10.28,Não entregue,00:00
4eda9d1d-6609-4267-a043-ce871d20072f,product_630,16,19.44,Não entregue,00:00
dbaa7463-f187-44cc-b026-cc983821ff52,product_631,26,179.73,Não entregue,00:00
02991374-6a05-4c61-affd-c2d18bc2bfcb,product_632,64,480.53,Não entregue,00:00
ae7846dd-b3b4-44c8-9ccf-4ae85ee48b68,product_633,47,798.49,Não entregue,00:00
1ea43b23-9f89-42e2-9687-c2606393f626,product_634,47,239.43,Não entregue,00:00
b1bfe47d-e86f-4e9b-ba96-d1dbf54874a5,product_635,94,873.38,Não entregue,00:00
3b66f9a7-c316-4a53-b512-927da80cd6d9,product_636,40,699.29,Não entregue,00:00
7d29f527-a5c9-4daf-8519-00e6aed8c18a,product_637,51,347.22,Não entregue,00:00
4d4a9845-5eea-4ffc-8663-243ad3aca9b6,product_638,14,285.14,Não entregue,00:00
9c026195-fddc-4006-bcb2-c9dc7ad25dc7,product_639,13,209.01,Não entregue,00:00
87dea95e-8abd-4cf4-ab6f-15f5a6c9448c,product_640,3,196.33,Não entregue,00:00
9481219e-5718-40c9-a31e-596988c211b4,product_641,96,777.95,Não entregue,00:00
b15f1f65-e3f6-4eaf-bcfd-e57459fa9bf3,product_642,3,387.65,Não entregue,00:00
81f69811-750c-406d-8927-a0c87c205477,product_643,80,12.45,Não entregue,00:00
9ab7a80a-dd63-4ac9-a6f8-2647bfeda523,product_644,92,234.91,Não entregue,00:00
44483345-b64e-4aa8-b472-427c91c5d7ac,product_645,19,449.26,Não entregue,00:00
7500cc79-1868-4de2-9ca8-7e933c491e23,product_646,44,224.34,Não entregue,00:00
94b58235-0f95-4a0d-a2de-b2e66cfe7e9e,product_647,85,985.52,Não entregue,00:00
c39c31c7-b429-49bc-9c0c-44af8af9bf5f,product_648,50,826.7,Não entregue,00:00
e2ec2b5b-e388-4442-9a14-44b5ae5c79b8,product_649,7,154.93,Não entregue,00:00
0d9715df-7bfb-47a8-bf46-30774dbf86d0,product_650,92,343.83,Não entregue,00:00
b6692c50-e6b9-46c3-805d-ebc80775b40d,product_651,66,721.96,Não entregue,00:00
2619d0f2-dace-4bb6-aced-8038da3ad016,product_652,59,179.23,Não entregue,00:00
c8d84a0a-ef9a-45fc-a9d7-a9127f27332e,product_653,9,931.58,Não entregue,00:00
4a97bda2-8fd1-414c-9141-b7b32710db40,product_654,15,970.37,Não entregue,00:00
4dc85664-47bc-4bf0-a3ba-7185d13dc23c,product_655,91,715.85,Não entregue,00:00
20006de0-16b9-4497-bb18-b33f2d83db35,product_656,80,988.32,Não entregue,00:00
1e40b85a-e195-4080-9f17-27535804d91e,product_657,61,149.09,Não entregue,00:00
f6dda5ec-da97-47b4-90d0-2d634a17c43f,product_658,12,567.33,Não entregue,00:00
2841abf7-587a-4107-ba5f-5993ecb0f3c5,product_659,53,251.08,Não entregue,00:00
547e754e-562e-4c23-9fdd-7f137fe8578f,product_660,66,211.3,Não entregue,00:00
bd8a1e72-f41e-4224-89bd-3a829df16cb2,product_661,87,475.53,Não entregue,00:00
4690d792-3b1f-4669-a7c0-28b41d3a7078,product_662,53,441.64,Não entregue,00:00
7358f0b3-3e93-4e95-9829-f7b5df978a9a,product_663,50,618.41,Não entregue,00:00
8dd5da21-fd89-45e5-844e-8d3db4516ef6,product_664,79,91.49,Não entregue,00:00
ba1704b7-d401-4a61-9077-41de0e7d40b3,product_665,93,330.19,Não entregue,00:00
5d80d83c-3038-4d4f-b700-33e0d21ed006,product_666,7,182.32,Não entregue,00:00
ad23b195-c0b8-4207-9b22-8daa88ebd3ce,product_667,27,681.72,Não entregue,00:00
bd05d5a5-7a22-40b3-bebc-f8338c939c85,product_668,69,207.45,Não entregue,00:00
15800c1b-c573-4184-9ea8-ceab3bb81e35,product_669,78,754.02,Não entregue,00:00
dd1fd943-16d6-44c8-9417-28e092afb5ba,product_670,60,850.02,Não entregue,00:00
2bef4956-17d4-4636-b454-185fb46ed427,product_671,100,883.14,Não entregue,00:00
4dbd736b-ac65-43c9-804a-674384b76829,product_672,70,838.71,Não entregue,00:00
4337d2c7-26f3-4be2-a197-b48e8a78471d,product_673,59,190.64,Não entregue,00:00
e36d70df-496d-447a-a92d-ed64083d77a7,product_674,22,258.64,Não entregue,00:00
01e06b7d-e64c-41dd-a4e9-c1168d833aa8,product_675,67,453.83,Não entregue,00:00
fa69e0ea-26cc-48c6-9351-cbe953b05826,product_676,31,40.27,Não entregue,00:00
f60b570f-6bb9-4f55-81d5-36061f0ac9c0,product_677,9,783.56,Não entregue,00:00
04e576be-d086-4c10-8642-46af87d8d0b4,product_678,73,248.56,Não entregue,00:00
6df7cb1e-b01c-48a5-bd7c-99a958326e82,product_679,59,411.76,Não entregue,00:00
0a79892d-e776-4ed7-9dd3-354f5a6378c1,product_680,59,87.08,Não entregue,00:00
fea9fb04-b611-4798-8c03-f6158f4dc99f,product_681,33,479.53,Não entregue,00:00
a268aa4c-717d-4cc3-a7bb-9334cdf660f0,product_682,12,774.55,Não entregue,00:00
75f80394-bf39-43b0-afaa-09f1a8e3ff2b,product_683,28,458.68,Não entregue,00:00
7cdd025e-1e66-46ed-a7c2-e11becb617a4,product_684,81,316.51,Não entregue,00:00
dac0a11d-be59-49db-b51c-43abc0cce5fa,product_685,11,541.98,Não entregue,00:00
bc5db80c-1a29-4125-bd1e-2b1988895110,product_686,95,475.06,Não entregue,00:00
064587c0-4eec-4601-96af-95f9e9edfee7,product_687,4,529.52,Não entregue,00:00
fc39cf0b-189d-471e-a91c-6c0445bc80f1,product_688,57,279.09,Não entregue,00:00
8c93f368-2f60-489c-b6b4-6050a2f9f28d,product_689,26,550.89,Não entregue,00:00
dc9a655d-874c-4097-b12a-546c9d7d9247,product_690,49,90.61,Não entregue,00:00
e5a1ea51-cc10-423c-9d4e-8443c7128ba4,product_691,77,858.5,Não entregue,00:00
9cef4349-f30f-4882-9a15-5d4d63a9dbbf,product_692,10,947.54,Não entregue,00:00
8cf72595-a276-4afa-81f8-5f0660490099,product_693,60,375.68,Não entregue,00:00
7708c4ae-6515-4827-a670-5a83ea8b06cb,product_694,13,112.21,Não entregue,00:00
c9dfb775-1289-415f-a283-3a7b74b2b2bb,product_695,93,836.06,Não entregue,00:00
5a9a6b26-e215-46e4-b895-34ecaed9fe02,product_696,46,137.85,Não entregue,00:00
d136144f-89f2-4696-8b3b-a8cf5ad528a8,product_697,97,803.42,Não entregue,00:00
b916edbf-b8a1-4bed-97a5-b7079f7f75b0,product_698,11,52.7,Não entregue,00:00
913e141c-a683-4b1d-b8d3-7289667f404c,product_699,41,867.45,Não entregue,00:00
905480ab-17c0-4131-b0d4-c1de922d1a5d,product_700,60,104.47,Não entregue,00:00
bea7629b-6f4b-4d6c-9f83-16d0e0d98cc7,product_701,53,425.78,Não entregue,00:00
385e9212-78c2-4cec-a2b0-3fa8e9db83c8,product_702,18,414.94,Não entregue,00:00
cfb0a905-aefe-48f1-a4c7-29cdb478643c,product_703,95,280.56,Não entregue,00:00
b6f1dfd2-9ab2-4ef5-8140-315c4bc9e634,product_704,40,772.55,Não entregue,00:00
5381e813-a700-4c7f-a382-bde12dd6a900,product_705,38,20.08,Não entregue,00:00
523b53c7-a0e2-4a24-8e75-a7f9aabd537b,product_706,65,683.22,Não entregue,00:00
8fe1b5c7-14db-4350-8d53-4e5e88d853a1,product_707,36,512.11,Não entregue,00:00
127a0b2e-d28f-4c42-8d19-5e809173c789,product_708,32,908.11,Não entregue,00:00
3a18af6f-bfae-4299-8c00-886a5f5351c0,product_709,23,95.14,Não entregue,00:00
2c924aeb-5d0d-4d25-98f1-bd546c4fdc35,product_710,78,760.98,Não entregue,00:00
832bd947-c561-44ce-ad75-18a1da2af26f,product_711,36,332.53,Não entregue,00:00
9f625efd-81b3-4b50-99d4-b1ac008369b3,product_712,7,744.62,Não entregue,00:00
d2f7c62c-71a8-40c1-9358-879ea221b841,product_713,71,347.29,Não entregue,00:00
217b85bd-7fc5-4c68-8892-60fb514264d7,product_714,98,562.68,Não entregue,00:00
93c8984e-1fab-4863-aec7-ed5b1f4aa557,product_715,34,583.11,Não entregue,00:00
f0d59d76-dccd-447f-8c14-b519414a4dc1,product_716,4,189.31,Não entregue,00:00
d7a58eab-54d0-40cf-b22d-c5d5e9b8f6ce,product_717,71,444.86,Não entregue,00:00
f7d42772-1cfe-4e15-8a89-687740e8911d,product_718,50,284.63,Não entregue,00:00
a3d073c3-9729-48c4-8033-44cf17042287,product_719,63,149.58,Não entregue,00:00
335d7d9d-8200-471b-bdd2-1160e110fb05,product_720,43,603.16,Não entregue,00:00
6c4862ea-603a-4249-bdb5-2df0a92b56b3,product_721,8,55.97,Não entregue,00:00
4db666a4-d6d9-428b-9169-f87368c0c834,product_722,66,64.84,Não entregue,00:00
7b572fa5-e38a-413a-a05d-fe8c9bdc8a71,product_723,84,901.84,Não entregue,00:00
f3bb90d7-4f4b-4f71-999a-8d73d2ae5a0e,product_724,71,527.23,Não entregue,00:00
17b506c6-dd66-4e1b-aad1-a8b0bd9fea62,product_725,47,215.75,Não entregue,00:00
2efe35e4-334f-4b80-9146-8d7c89dd840f,product_726,29,246.65,Não entregue,00:00
06babfa4-4517-4781-b4cd-1a888f05aa89,product_727,97,227.22,Não entregue,00:00
819b2c02-1114-4079-a066-b48a9551e962,product_728,15,492.59,Não entregue,00:00
b353bbb5-22e6-428e-808a-1751817427f4,product_729,84,456.84,Não entregue,00:00
b0ff175b-7daa-419f-bbaf-65a1e1042093,product_730,8,169.33,Não entregue,00:00
0aed7962-b148-4d36-a73a-f8c947c7170d,product_731,64,413.58,Não entregue,00:00
eae8dd5b-55a2-4b7e-b3ef-b862e1342834,product_732,95,391.12,Não entregue,00:00
0dbe4d22-e148-4b47-ba5b-88af5ad08890,product_733,33,230.07,Não entregue,00:00
703c76d3-2f7b-41c4-97a1-104a20a53bc4,product_734,75,572.6,Não entregue,00:00
67c010a6-6e2e-466d-8fca-fc1a827f8a49,product_735,40,471.61,Não entregue,00:00
24b31d12-6321-4a41-8872-7a5f7d6f60cb,product_736,94,579.21,Não entregue,00:00
8c2d01a1-c5cb-47ff-82e6-9b70070d17ce,product_737,10,528.55,Não entregue,00:00
8ca0b22d-cd9e-4683-a72c-a72757467aaf,product_738,7,664.77,Não entregue,00:00
30dd39e1-7c89-454b-9efe-042f132c5d1b,product_739,63,743.93,Não entregue,00:00
8b8c9a4d-a384-4fca-98ad-d354d01e26d1,product_740,31,131.32,Não entregue,00:00
8dbd7f1b-fa0e-46ee-b4be-13598c67e21e,product_741,89,910.1,Não entregue,00:00
1d701aef-1aef-448d-99e6-99654a451cc8,product_742,81,93.83,Não entregue,00:00
a71d4902-0e6c-4948-b8b4-d94cde9ad32b,product_743,58,728.42,Não entregue,00:00
b0c3012f-a36b-43ab-8338-fc565993065a,product_744,32,263.8,Não entregue,00:00
5105a889-75db-4a82-bec2-4409ed230c93,product_745,93,206.42,Não entregue,00:00
98d02fee-5a58-4804-8c87-82d68a20a157,product_746,34,114.81,Não entregue,00:00
ac208dd4-737e-40c5-834f-4414f58f2cf2,product_747,74,412.16,Não entregue,00:00
4ebbfee2-b5d8-472e-91d6-0403cf284801,product_748,86,574.73,Não entregue,00:00
28b80b47-e0f9-4960-9437-9dc7ad4b9e4b,product_749,59,333.57,Não entregue,00:00
dcb9967f-634a-4ed7-8e38-8a958e84f0a4,product_750,98,904.37,Não entregue,00:00
f693c99a-5dce-403a-bcb0-612823fefaae,product_751,46,66.44,Não entregue,00:00
0a69a134-38a1-414e-9d15-d918f6d4e931,product_752,34,856.24,Não entregue,00:00
6df82f21-3ca1-4d58-84ae-d1c24ff97967,product_753,93,223.01,Não entregue,00:00
221efeba-6bec-463e-8e78-7a53f2e40cd9,product_754,2,615.52,Não entregue,00:00
13db2bd9-be40-4f29-af76-0800720bbd81,product_755,9,926.95,Não entregue,00:00
a7c67550-f799-42f5-993b-0c94d8b8aa2f,product_756,26,307.12,Não entregue,00:00
55aa3446-4f94-4b9c-9998-1ececc51aa2c,product_757,33,275.62,Não entregue,00:00
22ff3668-8110-4176-8b55-b6d4bc8f1e6c,product_758,52,656.32,Não entregue,00:00
689322d0-5908-4f23-8369-71ef39b828cd,product_759,24,723.47,Não entregue,00:00
13277b28-e98f-4f1a-bfde-4d1d9ac96078,product_760,44,169.81,Não entregue,00:00
a68efc19-092c-425e-bbd5-a14a44bc666c,product_761,2,329.36,Não entregue,00:00
1083f928-b6a2-434f-8e63-3c9e609c3cd6,product_762,58,201.52,Não entregue,00:00
0dcd786f-0bab-4437-9eb0-40a96568f6e9,product_763,85,884.42,Não entregue,00:00
b08249be-4f18-4566-86ab-cc31b7b60d75,product_764,62,87.64,Não entregue,00:00
d26aed31-502a-4c75-b6f7-2c13a3e83ac6,product_765,10,298.55,Não entregue,00:00
064d49a9-12e4-4bad-8bc5-2f93ff80605d,product_766,45,670.93,Não entregue,00:00
bbd0f43f-5469-42ea-8220-4cdd72e33bf3,product_767,61,241.62,Não entregue,00:00
288894c4-91be-40ce-9535-f66c5d22f399,product_768,84,162.42,Não entregue,00:00
7bb03a5e-601a-42da-895f-1a940be89012,product_769,87,852.2,Não entregue,00:00
79f0748f-4773-4dc2-a78f-9ffd7245e7be,product_770,52,651.66,Não entregue,00:00
f393c221-892a-4c7c-9a95-f04d07a18f24,product_771,22,32.37,Não entregue,00:00
f23e98a8-fabc-4ba2-9cbf-2bd3c4e30a3a,product_772,13,951.73,Não entregue,00:00
4da5f969-b37d-41ad-8b12-0efc7e08cbf0,product_773,32,534.54,Não entregue,00:00
86103fce-02e5-40b0-80fb-4cbced48434c,product_774,98,110.59,Não entregue,00:00
ab2188a8-f1c5-445d-949b-074990ef09e7,product_775,13,548.65,Não entregue,00:00
29996e6f-3929-40c2-85ae-bd1ce5e6652d,product_776,85,993.51,Não entregue,00:00
80e4302a-6bb4-45ea-b382-501f31cf788c,product_777,19,152.85,Não entregue,00:00
16cf02fd-970d-4c6f-af95-17918522287f,product_778,13,405.18,Não entregue,00:00
64d32011-af3d-483f-9774-109ad1141b96,product_779,85,425.49,Não entregue,00:00
ce10b66f-f40b-421a-a9fa-ede56d7a3167,product_780,91,255.18,Não entregue,00:00
6cf3beec-87a9-40b5-9e0b-743a488ef51c,product_781,98,603.3,Não entregue,00:00
25de2e65-eec9-4aa0-8d9c-e73e8d4af543,product_782,85,86.07,Não entregue,00:00
bd299985-111c-4adb-b2c8-4a912c9921eb,product_783,42,383.81,Não entregue,00:00
edd57a24-c6c0-4c43-9914-2b7a542ec830,product_784,3,458.0,Não entregue,00:00
382d4da1-5e75-44f1-aec7-81812f81fa5e,product_785,86,740.26,Não entregue,00:00
c7c72a99-66e0-4d3c-b982-55367eb68e05,product_786,79,550.91,Não entregue,00:00
cb7a9916-2d45-4f45-ac19-45ddc2ec8c1e,product_787,3,778.63,Não entregue,00:00
a098189c-fe56-4cc6-aaa2-796bc3b8afd1,product_788,9,363.39,Não entregue,00:00
5b251651-0f97-4aeb-85c6-4b3d4bc5ed2c,product_789,100,22.64,Não entregue,00:00
672953c6-8ce1-4eac-8138-f1f3028859a1,product_790,95,834.39,Não entregue,00:00
4738e822-b688-46d3-b32d-cf22270e5e34,product_791,68,704.55,Não entregue,00:00
33ad365b-9805-47ff-b7b8-ccdda2afda54,product_792,6,434.06,Não entregue,00:00
bc9ee30e-4a8c-4032-aad9-4c0a4965a917,product_793,69,67.86,Não entregue,00:00
ae36b4bb-ec27-4185-9eed-9ff149b784fe,product_794,29,907.53,Não entregue,00:00
3195fd26-6d68-47cc-99cc-96cd82f7e0e6,product_795,18,864.67,Não entregue,00:00
f383316c-ec4d-4018-9730-71780b7063de,product_796,88,595.7,Não entregue,00:00
e76e81ca-63aa-4ca8-8534-38e2aea426f8,product_797,84,554.95,Não entregue,00:00
43dc28a5-2490-4459-a4fd-da07c6ad7e21,product_798,46,23.63,Não entregue,00:00
74ceeb69-8eb6-44a1-8f03-91917ac77a61,product_799,22,431.12,Não entregue,00:00
413cfb01-2296-403b-8fb3-6011cd02bedd,product_800,72,480.1,Não entregue,00:00
581583ca-fcf5-4b9d-a497-432faa14d8db,product_801,83,240.23,Não entregue,00:00
c8f37f1a-d826-4d08-950b-96418a96ae7d,product_802,99,618.4,Não entregue,00:00
d7a248ba-a220-4ac9-93da-33af1b98faf3,product_803,65,665.96,Não entregue,00:00
84d2bb8d-a6ef-457c-ade7-3c6a05924ac4,product_804,83,68.64,Não entregue,00:00
ec304ec9-70de-40bd-b0bf-0db4454c3623,product_805,90,474.11,Não entregue,00:00
aa731a6f-6f44-4e19-8a7d-dadded4da60b,product_806,51,240.4,Não entregue,00:00
53fee4e3-d959-4761-a73f-223e3f69417c,product_807,78,210.72,Não entregue,00:00
5e251c76-05a6-4239-aae7-107ea56f788c,product_808,63,461.21,Não entregue,00:00
054a21d6-741e-402a-8476-7b70b8638e91,product_809,10,858.25,Não entregue,00:00
6bbe63ce-bfed-4411-9f9f-027a893e333e,product_810,65,812.16,Não entregue,00:00
d3482fcd-f691-4819-8ff2-c9f456841493,product_811,27,837.62,Não entregue,00:00
d29e3cc6-a65b-425f-996f-2a291e282354,product_812,50,184.22,Não entregue,00:00
f0e72b94-7e24-418b-bf04-2142ff3a745d,product_813,31,306.41,Não entregue,00:00
f541743a-e776-4b2f-a766-510e7683a6f1,product_814,51,438.63,Não entregue,00:00
0c141da6-24aa-48e6-ad98-7ac6e21f61d8,product_815,39,362.04,Não entregue,00:00
3d161ea1-c4ed-44d4-8ea9-dfcf195ab555,product_816,74,790.97,Não entregue,00:00
d6035564-2c1d-45ec-9f38-bedd8d33794f,product_817,94,547.83,Não entregue,00:00
efb89892-9fab-4b1a-891c-7622ebd62d93,product_818,31,823.34,Não entregue,00:00
259b63ba-9d5c-47a6-b57f-82293ebcddcd,product_819,95,789.79,Não entregue,00:00
12730db4-fb7e-4e56-91be-d76e9b40660b,product_820,62,636.04,Não entregue,00:00
c616e22b-2c5f-49f2-ac69-d356463300ee,product_821,62,80.74,Não entregue,00:00
03d6670b-9b60-4cca-af56-ece5e0eac1f1,product_822,15,930.65,Não entregue,00:00
3dbd5133-af9c-4aaf-b9f7-e256f827d84c,product_823,93,202.04,Não entregue,00:00
a41ad43e-0612-4394-9df0-985e5f131175,product_824,62,13.2,Não entregue,00:00
abc65f44-d1e5-47c2-b1f1-2bfa54bd3304,product_825,12,61.82,Não entregue,00:00
f5905c98-1453-4cf2-bcd2-46067c0d5e82,product_826,23,690.54,Não entregue,00:00
3e9a8d9d-6703-4306-81b3-54d81d442988,product_827,46,532.88,Não entregue,00:00
09033cab-6239-4086-afdb-bab74af89150,product_828,81,415.04,Não entregue,00:00
957fb2b7-782e-4cce-ab6a-0affbdd88a5b,product_829,75,814.74,Não entregue,00:00
982ff588-3bd6-4096-b37c-e8bf5efdf1f9,product_830,31,491.41,Não entregue,00:00
2a1ce2c4-c9ba-4054-abee-e726dd268de2,product_831,21,105.44,Não entregue,00:00
ab1427fc-191f-4ead-8c4a-4270e668bee2,product_832,81,252.28,Não entregue,00:00
8cf5b3b6-1f3d-485e-9555-9b16f55e951a,product_833,75,468.13,Não entregue,00:00
f26a42ba-c87d-45b7-b72a-476e55be57d2,product_834,51,334.19,Não entregue,00:00
ef03222e-7dd0-4ae9-8e43-36af95040717,product_835,57,973.07,Não entregue,00:00
9575b19c-5195-40bd-a1e1-df23ac9208e6,product_836,60,979.81,Não entregue,00:00
1f2397fc-1c06-4c57-b4f1-4654cba094e7,product_837,80,107.25,Não entregue,00:00
ac51dc45-3a48-4259-8c2b-7335983fc7fc,product_838,14,498.25,Não entregue,00:00
61f8cae8-86cf-4864-acbd-940734736770,product_839,91,652.54,Não entregue,00:00
2cc31538-e116-4172-b309-a8661cc07b02,product_840,56,924.84,Não entregue,00:00
08204505-4e1d-406b-9f3c-9659cec5b1ed,product_841,24,619.65,Não entregue,00:00
44a0c991-2a3a-4791-905f-32d5e7499dff,product_842,14,168.24,Não entregue,00:00
6cb25d36-06e4-44c6-9165-94e4af4bbbb9,product_843,55,353.22,Não entregue,00:00
7c3497d4-bb47-4676-a8f0-52f66c925603,product_844,49,134.23,Não entregue,00:00
2c8eccb6-328d-433a-9324-2936292b0a0e,product_845,48,829.97,Não entregue,00:00
7eae591a-d34f-4348-b9a0-d4ca4b45612b,product_846,4,327.05,Não entregue,00:00
4434fe6a-527c-4cd2-94b0-e52ba10b77e0,product_847,14,266.93,Não entregue,00:00
a2d45b3c-106a-407d-a19e-7ba6c1a63627,product_848,32,804.4,Não entregue,00:00
402d1da7-12a8-4ff0-b401-c1266230fa4b,product_849,5,369.89,Não entregue,00:00
92b56d79-f162-49da-af80-0aa1d8118d97,product_850,37,46.11,Não entregue,00:00
fee658c6-a5bf-4d2d-b27a-afd1567ddc3b,product_851,88,867.73,Não entregue,00:00
fb673dbd-a1ec-4e86-b819-519d3c23a451,product_852,93,837.74,Não entregue,00:00
4ab0ce35-c33e-4605-bc2a-270e961b9a1a,product_853,35,101.77,Não entregue,00:00
c485f930-b553-4754-ba82-2a7ac1f945a9,product_854,18,215.24,Não entregue,00:00
bf276567-9624-4f98-88a7-79fa5294e936,product_855,61,873.67,Não entregue,00:00
a50af66d-57ce-4c4d-8f89-47037268bf67,product_856,9,557.03,Não entregue,00:00
702be80c-c7de-4f67-9d95-5789d246de57,product_857,5,876.61,Não entregue,00:00
5fc17f53-f4f9-4cc5-a626-9f0ea3c1b665,product_858,31,136.23,Não entregue,00:00
b44434b8-c6a8-462f-88f4-f0d132538a64,product_859,97,245.93,Não entregue,00:00
4bc72545-5822-4d2a-b044-01c8848b4437,product_860,46,679.84,Não entregue,00:00
bfaf5668-0c1a-4176-af1d-3329d285806f,product_861,77,842.63,Não entregue,00:00
fb5beb38-e886-47f9-bd68-8bb9b7038211,product_862,31,352.74,Não entregue,00:00
ea90ec6e-4d97-4a57-9454-8d82087871fe,product_863,29,78.31,Não entregue,00:00
85ce064f-a694-45ce-9fca-bd970c35be2b,product_864,53,271.21,Não entregue,00:00
57c9723d-342b-4e33-8f6b-3f10fe0b40cb,product_865,12,848.22,Não entregue,00:00
9626d0c3-20f0-4b63-8e49-e4a0c36a96b1,product_866,55,427.52,Não entregue,00:00
227939ad-bfbe-4759-beb4-ea794459ea56,product_867,82,652.97,Não entregue,00:00
690d0c4d-7b3d-44c9-90f7-87e855c05177,product_868,91,282.37,Não entregue,00:00
5845e575-776d-49c3-bf2b-eb37bf3687c8,product_869,55,905.24,Não entregue,00:00
2cffd957-ebf9-45bc-bbc5-e85dcbe78bfb,product_870,21,537.0,Não entregue,00:00
7ec4c733-5d43-48d9-964f-4404b3df7889,product_871,39,464.54,Não entregue,00:00
82fadf24-d1d0-4b7c-9e29-a7163bbf2acb,product_872,63,494.36,Não entregue,00:00
40529eb7-4427-44bb-94e0-8e109aacb3c7,product_873,86,415.07,Não entregue,00:00
4a13993f-833d-4548-be45-623f39ba30ff,product_874,3,846.42,Não entregue,00:00
e4769d7a-8993-41eb-827d-4e802e987ec2,product_875,74,13.17,Não entregue,00:00
ad783bc5-a002-47b3-8bee-e653026573e7,product_876,34,876.06,Não entregue,00:00
5144d02a-94a3-4468-ae0b-6158d7084c01,product_877,6,431.2,Não entregue,00:00
41019381-63dd-4982-ac81-8bb0d264b646,product_878,61,915.9,Não entregue,00:00
f4b77075-cfcd-4c5a-b765-0b5fe742d39f,product_879,28,136.43,Não entregue,00:00
d00ff342-c7ff-45cd-894d-fc8b47c8ef34,product_880,78,120.87,Não entregue,00:00
cb49c0be-485d-43e8-a51f-c48fc713d759,product_881,91,557.02,Não entregue,00:00
1de3d092-2f76-476c-a74d-71f71f2c13f3,product_882,39,526.66,Não entregue,00:00
6ddea6e1-c797-4c74-87cf-a694526b907b,product_883,50,288.11,Não entregue,00:00
f23d9c3e-4481-454a-808b-ffe611aae98d,product_884,95,21.87,Não entregue,00:00
2ceda15b-013d-490d-b71f-d881c3665a8d,product_885,83,230.36,Não entregue,00:00
43f4162a-73b8-4976-892e-8a171ebe4b41,product_886,81,901.38,Não entregue,00:00
730d6e46-160b-4fa8-86dc-465c1e13673f,product_887,83,647.17,Não entregue,00:00
899d8456-96d2-468f-bdf4-9200fa0b0c20,product_888,42,783.67,Não entregue,00:00
a73a6f0b-439f-456c-a8fd-ce8618b25581,product_889,80,18.2,Não entregue,00:00
f638f04b-ab23-44c3-9e0b-6a0c006bd232,product_890,47,722.03,Não entregue,00:00
f50d31b8-6de6-4a15-883f-3fe619edd365,product_891,71,457.83,Não entregue,00:00
9c94181b-5b47-41dc-b259-6566807043af,product_892,31,129.51,Não entregue,00:00
3814e5a9-3da5-4a20-943c-a6ce05a0256a,product_893,46,830.74,Não entregue,00:00
9c1deaad-2357-465f-ba35-04f4925b21a0,product_894,61,504.8,Não entregue,00:00
f1506323-ec11-45cf-9281-06b05d7cec63,product_895,20,820.78,Não entregue,00:00
741fe9fb-8cad-4e79-b910-469de58d7774,product_896,77,842.05,Não entregue,00:00
fcab8344-db19-4fa5-843c-10ce5117d1fe,product_897,99,884.6,Não entregue,00:00
b21c9bb2-833b-4174-a9c0-99ba5411ee2f,product_898,43,404.28,Não entregue,00:00
6ecc2bdb-990a-4f91-b219-5f0a95868682,product_899,22,258.4,Não entregue,00:00
02dc5184-514f-48db-a384-6e63a8a8a993,product_900,28,86.09,Não entregue,00:00
8c122d20-b369-4209-a6b0-e3cf20023e16,product_901,57,951.69,Não entregue,00:00
184f5abf-21b2-4c98-8845-ad5891e09c67,product_902,76,152.05,Não entregue,00:00
209ea1e6-0dec-40fe-b347-4933d617ce2a,product_903,65,644.83,Não entregue,00:00
2e527069-e683-45d7-9710-6ffdf7dde27c,product_904,88,302.29,Não entregue,00:00
ed309cef-6a8d-4674-999a-21ac560c0094,product_905,85,120.81,Não entregue,00:00
532fe8a7-8851-42e3-b3db-0e2242db1714,product_906,69,389.38,Não entregue,00:00
cea37b69-8e42-486e-adf9-ecdfb05f7733,product_907,48,677.0,Não entregue,00:00
d7f1c692-b857-4b82-a997-0624c052996b,product_908,72,997.71,Não entregue,00:00
969bad0d-3b70-4894-a874-51546575d090,product_909,78,746.49,Não entregue,00:00
5b6248b3-adab-43d6-b1b2-7a84cf905fd2,product_910,65,156.1,Não entregue,00:00
c410bea1-2d50-4929-9c18-40ba2c0f8295,product_911,64,223.64,Não entregue,00:00
65c92768-5c6b-448d-92d7-4f91001f8a42,product_912,37,597.81,Não entregue,00:00
c3891d45-2baf-4881-a529-79b3ff37d91f,product_913,92,447.05,Não entregue,00:00
0abbd8f0-5614-49cd-bed7-b83fd2dee78c,product_914,79,410.21,Não entregue,00:00
92d8850b-3195-4fe9-9579-9d276c41ca15,product_915,27,392.69,Não entregue,00:00
ae44eca4-b8bb-4ac3-8d9d-019801f0132c,product_916,69,858.07,Não entregue,00:00
998e6bee-145c-476a-9771-c480d68b9269,product_917,12,678.29,Não entregue,00:00
f08c29fc-de69-4d19-b21b-8c4509be5657,product_918,100,73.19,Não entregue,00:00
550925c1-c42c-47ba-b0fd-9ece1c66f180,product_919,22,107.84,Não entregue,00:00
9203d5ac-ea27-4a5d-947a-8f60e18e7d0c,product_920,63,665.48,Não entregue,00:00
dd725853-a3b9-4e09-9dd5-1080506e5e59,product_921,97,72.25,Não entregue,00:00
4d1f13e9-8148-409f-aa4e-0fa76d23fb40,product_922,34,701.68,Não entregue,00:00
831a2a6a-ef03-4187-b95b-bf8181220311,product_923,2,62.93,Não entregue,00:00
6cb04a5e-4083-4d0c-bf19-a1a3945fd361,product_924,87,493.94,Não entregue,00:00
6567d728-c8ff-4eb3-a1c8-8cfc2739976b,product_925,77,825.53,Não entregue,00:00
084f0636-dd43-4bad-b9f0-45db263763bb,product_926,74,547.39,Não entregue,00:00
11d8853b-2416-43ca-930c-65212888a1ef,product_927,56,121.72,Não entregue,00:00
a6407da1-0aba-4e9e-98dd-c87977652a2a,product_928,67,206.35,Não entregue,00:00
64976ccd-9392-4e3d-a0bd-56c3ba2cdd01,product_929,1,869.1,Não entregue,00:00
fa6e5daf-0a22-467d-b91f-aaa33a282042,product_930,59,239.81,Não entregue,00:00
8f616ed6-7fc1-4c1b-b644-d63821d30c12,product_931,53,29.79,Não entregue,00:00
61a90f63-17c8-4587-a4e7-a43dee813742,product_932,72,421.14,Não entregue,00:00
ddf311aa-f2f4-4c54-8d44-8b8b2193c619,product_933,34,236.88,Não entregue,00:00
139b08e7-7eae-47fe-b490-10500bafd8cf,product_934,58,646.82,Não entregue,00:00
5b3208ec-fabc-4d2d-b08e-efee895d1835,product_935,88,893.2,Não entregue,00:00
59fd1634-3977-4ca2-9143-2cef81257fcd,product_936,23,836.12,Não entregue,00:00
7ec13bc9-3b82-4b4c-b6e1-dc9a11573ee4,product_937,49,725.54,Não entregue,00:00
401bfad6-53d1-442b-b990-a7bc6691a38c,product_938,49,978.16,Não entregue,00:00
853ba8c9-88cd-4abc-a884-d1faee79c6eb,product_939,30,855.05,Não entregue,00:00
72f917ca-c6cb-4c9f-9570-7bedbfb37438,product_940,52,669.11,Não entregue,00:00
28e08978-a876-4007-a76e-1e5ad174964f,product_941,89,885.38,Não entregue,00:00
d9ff852b-550d-4c49-977b-df7132793c46,product_942,8,899.99,Não entregue,00:00
40aa8e08-5359-4375-8f00-fe702b9e78d7,product_943,34,20.94,Não entregue,00:00
bcd39787-9ad5-429a-a905-3ad79df42b5c,product_944,81,192.63,Não entregue,00:00
ca8ddf61-c11e-4a2d-bc6a-f8628361a539,product_945,13,271.11,Não entregue,00:00
b3f02892-9703-4532-86b9-ca7982cfde63,product_946,60,23.86,Não entregue,00:00
98652ed6-f9d4-42e0-abd1-cbed8e6482ed,product_947,75,666.49,Não entregue,00:00
4e2b2d40-555e-4241-8455-99e88dfc7bae,product_948,42,58.1,Não entregue,00:00
307055b3-60c8-44f2-8935-103709f6cf8e,product_949,69,938.8,Não entregue,00:00
67f4054f-299a-4215-a2f5-9c2cf4e80a00,product_950,53,88.05,Não entregue,00:00
b1a64c5c-b079-442b-91a9-fc20128814a4,product_951,58,426.05,Não entregue,00:00
109475fa-27e0-420f-b5ab-f479c1368406,product_952,54,613.09,Não entregue,00:00
945908db-7b8c-439f-b132-8e171757c43a,product_953,14,782.69,Não entregue,00:00
87aee9b2-61a2-4bb8-982b-8cecf9307a3b,product_954,84,785.69,Não entregue,00:00
64c12824-5b6c-4f8b-9e84-865218556e74,product_955,48,445.66,Não entregue,00:00
0b086b40-6d95-4377-b48a-115d49f80783,product_956,64,150.23,Não entregue,00:00
addea941-0240-4a43-a687-119dfcc4ced5,product_957,86,278.7,Não entregue,00:00
959bf3d3-4bff-4e4a-88fd-190079d8035f,product_958,71,626.99,Não entregue,00:00
3e333aab-047c-4a7e-8a92-4607cff4b4b9,product_959,23,42.23,Não entregue,00:00
ed30f60c-ac54-4306-aae8-5b42e0ee124b,product_960,14,874.1,Não entregue,00:00
279eae26-4864-4d0e-af83-d12c04d94bca,product_961,44,437.87,Não entregue,00:00
1e1f3d8d-621e-498c-9c89-4c171a3b5fdc,product_962,44,509.31,Não entregue,00:00
42d21449-05cc-4495-bac4-06dea562835f,product_963,8,417.75,Não entregue,00:00
c4516745-0ec9-4f9f-9619-97bf26505cd2,product_964,91,895.89,Não entregue,00:00
a29d740d-8aae-4ab6-833b-83f9f9074ab0,product_965,68,908.79,Não entregue,00:00
30714b9a-cb2a-442d-9ff4-b0733330e7e8,product_966,7,891.6,Não entregue,00:00
a25a33fb-8a48-40ab-a097-1ee9d380028e,product_967,87,980.68,Não entregue,00:00
7f344014-ed80-4352-b628-a0b92be69a8e,product_968,3,29.62,Não entregue,00:00
a2bd87ae-b63c-4ea2-a470-90a32b397e81,product_969,81,938.57,Não entregue,00:00
d4776256-48b8-4d6d-a538-0ed9b0911f69,product_970,65,112.12,Não entregue,00:00
e6256f3c-30d8-45f3-ab63-683cc0c057e9,product_971,10,203.06,Não entregue,00:00
5a2fdffa-daa0-4479-903f-1e2881fbc4ef,product_972,83,567.95,Não entregue,00:00
26444294-e774-4995-aef8-b97ec504d10c,product_973,90,639.29,Não entregue,00:00
c04c5a5c-236f-4cd0-a52c-02a87e09c007,product_974,24,231.12,Não entregue,00:00
f89c4d92-e336-4a4e-a5e6-e4d99cadb73e,product_975,48,762.08,Não entregue,00:00
250e5a61-f6d0-440b-a7ad-af19827a1f53,product_976,24,190.36,Não entregue,00:00
c4afa8e4-af65-47b9-bc9c-20948f7599e8,product_977,51,387.56,Não entregue,00:00
effea20c-6cf1-45ad-862f-16af1860349a,product_978,9,747.46,Não entregue,00:00
807b6f44-9c2c-45c6-b9fb-45ca34904903,product_979,46,916.58,Não entregue,00:00
77fdeba3-9ddd-4b36-8f03-f67b6528b1a0,product_980,67,587.05,Não entregue,00:00
23d9ac00-7dbb-43c9-a78f-21eb63641039,product_981,17,440.54,Não entregue,00:00
a1edee7c-8cbf-49b5-9523-6c50cacfb7d1,product_982,56,671.94,Não entregue,00:00
2165320c-3905-4c72-9082-0ed0e565b209,product_983,50,284.51,Não entregue,00:00
f4f71055-f2ed-478a-bfc5-5e1a023f3a10,product_984,83,747.51,Não entregue,00:00
501cd7c2-1081-4389-813a-0faed9c84ca0,product_985,97,38.54,Não entregue,00:00
0b8b3fb0-6c07-4ac7-9c5d-f1db9a3707ff,product_986,88,474.72,Não entregue,00:00
7a2e9bce-6845-4c60-ab33-0c5b3b8b3f01,product_987,13,606.99,Não entregue,00:00
0aa5b85f-44e3-4251-897d-187815ab507f,product_988,49,586.51,Não entregue,00:00
57c06953-f4a7-4cd5-909d-bb8b71c98ffb,product_989,62,589.41,Não entregue,00:00
a5055ae6-972e-455e-b032-210a39e1c84c,product_990,41,697.64,Não entregue,00:00
79ab1e79-f666-48d7-b8af-7b8b6ab3ccc8,product_991,20,909.34,Não entregue,00:00
ba5db952-a812-4b4a-af48-b052d8ca0ea2,product_992,50,125.08,Não entregue,00:00
77ab75cb-7746-434a-9c9c-92218c8c942c,product_993,73,303.85,Não entregue,00:00
95c2023b-aab9-40d3-9482-6e64ac95e930,product_994,31,325.14,Não entregue,00:00
823533c0-c32f-4f0f-b473-7a39e25a3b5e,product_995,73,574.62,Não entregue,00:00
6cedf43f-464c-4d8b-b94c-fae317c96cdd,product_996,35,995.64,Não entregue,00:00
fb2d325f-0d29-46ef-b4ea-6c82db93e134,product_997,6,195.67,Não entregue,00:00
d03b7e9b-5d05-4909-8e3b-5d1b83d560f0,product_998,67,377.85,Não entregue,00:00
9b05d936-4f25-49ea-999d-dc6ba4c61692,product_999,23,472.46,Não entregue,00:00
2cf1c8fd-0f7f-4eeb-ada4-5041cfa9c7ee,product_1000,46,694.28,Não entregue,00:00
